Id,ActivityDate,TotalSteps,TotalDistance,LoggedActivitiesDistance,VeryActiveDistance,ModeratelyActiveDistance,LightActiveDistance,VeryActiveMinutes,FairlyActiveMinutes,LightlyActiveMinutes,SedentaryMinutes,Calories,PercentLightDistance,PercentModerateDistance,PercentVeryActiveDistance,TotalActiveMins,PercentLightlyActiveMins,PercentVeryActiveMins
1503960366,4/12/2016,13162,8.50,0,1.88,0.55,6.06,25,13,328,728,1985,71.29,6.47,22.12,366,89.62,6.83
1503960366,4/13/2016,10735,6.97,0,1.57,0.69,4.71,21,19,217,776,1797,67.58,9.90,22.53,257,84.44,8.17
1503960366,4/14/2016,10460,6.74,0,2.44,0.40,3.91,30,11,181,1218,1776,58.01,5.93,36.20,222,81.53,13.51
1503960366,4/15/2016,9762,6.28,0,2.14,1.26,2.83,29,34,209,726,1745,45.06,20.06,34.08,272,76.84,10.66
1503960366,4/16/2016,12669,8.16,0,2.71,0.41,5.04,36,10,221,773,1863,61.76,5.02,33.21,267,82.77,13.48
1503960366,4/17/2016,9705,6.48,0,3.19,0.78,2.51,38,20,164,539,1728,38.73,12.04,49.23,222,73.87,17.12
1503960366,4/18/2016,13019,8.59,0,3.25,0.64,4.71,42,16,233,1149,1921,54.83,7.45,37.83,291,80.07,14.43
1503960366,4/19/2016,15506,9.88,0,3.53,1.32,5.03,50,31,264,775,2035,50.91,13.36,35.73,345,76.52,14.49
1503960366,4/20/2016,10544,6.68,0,1.96,0.48,4.24,28,12,205,818,1786,63.47,7.19,29.34,245,83.67,11.43
1503960366,4/21/2016,9819,6.34,0,1.34,0.35,4.65,19,8,211,838,1775,73.34,5.52,21.14,238,88.66,7.98
1503960366,4/22/2016,12764,8.13,0,4.76,1.12,2.24,66,27,130,1217,1827,27.55,13.78,58.55,223,58.30,29.60
1503960366,4/23/2016,14371,9.04,0,2.81,0.87,5.36,41,21,262,732,1949,59.29,9.62,31.08,324,80.86,12.65
1503960366,4/24/2016,10039,6.41,0,2.92,0.21,3.28,39,5,238,709,1788,51.17,3.28,45.55,282,84.40,13.83
1503960366,4/25/2016,15355,9.80,0,5.29,0.57,3.94,73,14,216,814,2013,40.20,5.82,53.98,303,71.29,24.09
1503960366,4/26/2016,13755,8.79,0,2.33,0.92,5.54,31,23,279,833,1970,63.03,10.47,26.51,333,83.78,9.31
1503960366,4/27/2016,18134,12.21,0,6.40,0.41,5.41,78,11,243,1108,2159,44.31,3.36,52.42,332,73.19,23.49
1503960366,4/28/2016,13154,8.53,0,3.54,1.16,3.79,48,28,189,782,1898,44.43,13.60,41.50,265,71.32,18.11
1503960366,4/29/2016,11181,7.15,0,1.06,0.50,5.58,16,12,243,815,1837,78.04,6.99,14.83,271,89.67,5.90
1503960366,4/30/2016,14673,9.25,0,3.56,1.42,4.27,52,34,217,712,1947,46.16,15.35,38.49,303,71.62,17.16
1503960366,5/1/2016,10602,6.81,0,2.29,1.60,2.92,33,35,246,730,1820,42.88,23.49,33.63,314,78.34,10.51
1503960366,5/2/2016,14727,9.71,0,3.21,0.57,5.92,41,15,277,798,2004,60.97,5.87,33.06,333,83.18,12.31
1503960366,5/3/2016,15103,9.66,0,3.73,1.05,4.88,50,24,254,816,1990,50.52,10.87,38.61,328,77.44,15.24
1503960366,5/4/2016,11100,7.15,0,2.46,0.87,3.82,36,22,203,1179,1819,53.43,12.17,34.41,261,77.78,13.79
1503960366,5/5/2016,14070,8.90,0,2.92,1.08,4.88,45,24,250,857,1959,54.83,12.13,32.81,319,78.37,14.11
1503960366,5/6/2016,12159,8.03,0,1.97,0.25,5.81,24,6,289,754,1896,72.35,3.11,24.53,319,90.60,7.52
1503960366,5/7/2016,11992,7.71,0,2.46,2.12,3.13,37,46,175,833,1821,40.60,27.50,31.91,258,67.83,14.34
1503960366,5/8/2016,10060,6.58,0,3.53,0.32,2.73,44,8,203,574,1740,41.49,4.86,53.65,255,79.61,17.25
1503960366,5/9/2016,12022,7.72,0,3.45,0.53,3.74,46,11,206,835,1819,48.45,6.87,44.69,263,78.33,17.49
1503960366,5/10/2016,12207,7.77,0,3.35,1.16,3.26,46,31,214,746,1859,41.96,14.93,43.11,291,73.54,15.81
1503960366,5/11/2016,12770,8.13,0,2.56,1.01,4.55,36,23,251,669,1783,55.97,12.42,31.49,310,80.97,11.61
1624580081,4/12/2016,8163,5.31,0,0.00,0.00,5.31,0,0,146,1294,1432,100.00,0.00,0.00,146,100.00,0.00
1624580081,4/13/2016,7007,4.55,0,0.00,0.00,4.55,0,0,148,1292,1411,100.00,0.00,0.00,148,100.00,0.00
1624580081,4/14/2016,9107,5.92,0,0.00,0.00,5.91,0,0,236,1204,1572,99.83,0.00,0.00,236,100.00,0.00
1624580081,4/15/2016,1510,0.98,0,0.00,0.00,0.97,0,0,96,1344,1344,98.98,0.00,0.00,96,100.00,0.00
1624580081,4/16/2016,5370,3.49,0,0.00,0.00,3.49,0,0,176,1264,1463,100.00,0.00,0.00,176,100.00,0.00
1624580081,4/17/2016,6175,4.06,0,1.03,1.52,1.49,15,22,127,1276,1554,36.70,37.44,25.37,164,77.44,9.15
1624580081,4/18/2016,10536,7.41,0,2.15,0.62,4.62,17,7,202,1214,1604,62.35,8.37,29.01,226,89.38,7.52
1624580081,4/19/2016,2916,1.90,0,0.00,0.00,1.90,0,0,141,1299,1435,100.00,0.00,0.00,141,100.00,0.00
1624580081,4/20/2016,4974,3.23,0,0.00,0.00,3.23,0,0,151,1289,1446,100.00,0.00,0.00,151,100.00,0.00
1624580081,4/21/2016,6349,4.13,0,0.00,0.00,4.11,0,0,186,1254,1467,99.52,0.00,0.00,186,100.00,0.00
1624580081,4/22/2016,4026,2.62,0,0.00,0.00,2.60,0,0,199,1241,1470,99.24,0.00,0.00,199,100.00,0.00
1624580081,4/23/2016,8538,5.55,0,0.00,0.00,5.54,0,0,227,1213,1562,99.82,0.00,0.00,227,100.00,0.00
1624580081,4/24/2016,6076,3.95,0,1.15,0.91,1.89,16,18,185,1221,1617,47.85,23.04,29.11,219,84.47,7.31
1624580081,4/25/2016,6497,4.22,0,0.00,0.00,4.20,0,0,202,1238,1492,99.53,0.00,0.00,202,100.00,0.00
1624580081,4/26/2016,2826,1.84,0,0.00,0.00,1.83,0,0,140,1300,1402,99.46,0.00,0.00,140,100.00,0.00
1624580081,4/27/2016,8367,5.44,0,1.11,1.87,2.46,17,36,154,1233,1670,45.22,34.37,20.40,207,74.40,8.21
1624580081,4/28/2016,2759,1.79,0,0.00,0.20,1.60,0,5,115,1320,1401,89.39,11.17,0.00,120,95.83,0.00
1624580081,4/29/2016,2390,1.55,0,0.00,0.00,1.55,0,0,150,1290,1404,100.00,0.00,0.00,150,100.00,0.00
1624580081,4/30/2016,6474,4.30,0,0.90,1.28,2.12,11,23,224,1182,1655,49.30,29.77,20.93,258,86.82,4.26
1624580081,5/1/2016,36019,28.03,0,21.92,4.19,1.91,186,63,171,1020,2690,6.81,14.95,78.20,420,40.71,44.29
1624580081,5/2/2016,7155,4.93,0,0.86,0.59,3.47,7,6,166,1261,1497,70.39,11.97,17.44,179,92.74,3.91
1624580081,5/3/2016,2100,1.37,0,0.00,0.00,1.34,0,0,96,1344,1334,97.81,0.00,0.00,96,100.00,0.00
1624580081,5/4/2016,2193,1.43,0,0.00,0.00,1.42,0,0,118,1322,1368,99.30,0.00,0.00,118,100.00,0.00
1624580081,5/5/2016,2470,1.61,0,0.00,0.00,1.58,0,0,117,1323,1370,98.14,0.00,0.00,117,100.00,0.00
1624580081,5/6/2016,1727,1.12,0,0.00,0.00,1.12,0,0,102,1338,1341,100.00,0.00,0.00,102,100.00,0.00
1624580081,5/7/2016,2104,1.37,0,0.00,0.00,1.37,0,0,182,1258,1474,100.00,0.00,0.00,182,100.00,0.00
1624580081,5/8/2016,3427,2.23,0,0.00,0.00,2.22,0,0,152,1288,1427,99.55,0.00,0.00,152,100.00,0.00
1624580081,5/9/2016,1732,1.13,0,0.00,0.00,1.13,0,0,91,1349,1328,100.00,0.00,0.00,91,100.00,0.00
1624580081,5/10/2016,2969,1.93,0,0.00,0.00,1.92,0,0,139,1301,1393,99.48,0.00,0.00,139,100.00,0.00
1624580081,5/11/2016,3134,2.04,0,0.00,0.00,2.04,0,0,112,1328,1359,100.00,0.00,0.00,112,100.00,0.00
1624580081,5/12/2016,2971,1.93,0,0.00,0.00,1.92,0,0,107,890,1002,99.48,0.00,0.00,107,100.00,0.00
1644430081,4/12/2016,10694,7.77,0,0.14,2.30,5.33,2,51,256,1131,3199,68.60,29.60,1.80,309,82.85,0.65
1644430081,4/13/2016,8001,5.82,0,2.28,0.90,2.64,30,16,135,1259,2902,45.36,15.46,39.18,181,74.59,16.57
1644430081,4/14/2016,11037,8.02,0,0.36,2.56,5.10,5,58,252,1125,3226,63.59,31.92,4.49,315,80.00,1.59
1644430081,4/15/2016,5263,3.83,0,0.22,0.15,3.45,3,4,170,1263,2750,90.08,3.92,5.74,177,96.05,1.69
1644430081,4/16/2016,15300,11.12,0,4.10,1.88,5.09,51,42,212,1135,3493,45.77,16.91,36.87,305,69.51,16.72
1644430081,4/17/2016,8757,6.37,0,2.25,0.57,3.55,29,13,186,1212,3011,55.73,8.95,35.32,228,81.58,12.72
1644430081,4/18/2016,7132,5.19,0,1.07,1.67,2.45,15,33,121,1271,2806,47.21,32.18,20.62,169,71.60,8.88
1644430081,4/19/2016,11256,8.18,0,0.36,2.53,5.30,5,58,278,1099,3300,64.79,30.93,4.40,341,81.52,1.47
1644430081,4/20/2016,2436,1.77,0,0.00,0.00,1.76,0,0,125,1315,2430,99.44,0.00,0.00,125,100.00,0.00
1644430081,4/21/2016,1223,0.89,0,0.00,0.00,0.88,0,0,38,1402,2140,98.88,0.00,0.00,38,100.00,0.00
1644430081,4/22/2016,3673,2.67,0,0.00,0.00,2.66,0,0,86,1354,2344,99.63,0.00,0.00,86,100.00,0.00
1644430081,4/23/2016,6637,4.83,0,0.00,0.58,4.25,0,15,160,1265,2677,87.99,12.01,0.00,175,91.43,0.00
1644430081,4/24/2016,3321,2.41,0,0.00,0.00,2.41,0,0,89,1351,2413,100.00,0.00,0.00,89,100.00,0.00
1644430081,4/25/2016,3580,2.60,0,0.59,0.06,1.95,8,1,94,1337,2497,75.00,2.31,22.69,103,91.26,7.77
1644430081,4/26/2016,9919,7.21,0,0.80,1.72,4.69,11,41,223,1165,3123,65.05,23.86,11.10,275,81.09,4.00
1644430081,4/27/2016,3032,2.20,0,0.00,0.00,2.20,0,0,118,1322,2489,100.00,0.00,0.00,118,100.00,0.00
1644430081,4/28/2016,9405,6.84,0,0.20,2.32,4.31,3,53,227,1157,3108,63.01,33.92,2.92,283,80.21,1.06
1644430081,4/29/2016,3176,2.31,0,0.00,0.00,2.31,0,0,120,1193,2498,100.00,0.00,0.00,120,100.00,0.00
1644430081,4/30/2016,18213,13.24,0,0.63,3.14,9.46,9,71,402,816,3846,71.45,23.72,4.76,482,83.40,1.87
1644430081,5/1/2016,6132,4.46,0,0.24,0.99,3.23,3,24,146,908,2696,72.42,22.20,5.38,173,84.39,1.73
1644430081,5/2/2016,3758,2.73,0,0.07,0.31,2.35,1,7,148,682,2580,86.08,11.36,2.56,156,94.87,0.64
1644430081,5/3/2016,12850,9.34,0,0.72,4.09,4.54,10,94,221,1115,3324,48.61,43.79,7.71,325,68.00,3.08
1644430081,5/4/2016,2309,1.68,0,0.00,0.00,1.66,0,0,52,1388,2222,98.81,0.00,0.00,52,100.00,0.00
1644430081,5/5/2016,4363,3.19,0,0.52,0.54,2.13,6,12,81,1341,2463,66.77,16.93,16.30,99,81.82,6.06
1644430081,5/6/2016,9787,7.12,0,0.82,0.27,6.01,11,6,369,1054,3328,84.41,3.79,11.52,386,95.60,2.85
1644430081,5/7/2016,13372,9.72,0,3.26,0.79,5.67,41,17,243,1139,3404,58.33,8.13,33.54,301,80.73,13.62
1644430081,5/8/2016,6724,4.89,0,0.00,0.00,4.88,0,0,295,991,2987,99.80,0.00,0.00,295,100.00,0.00
1644430081,5/9/2016,6643,4.83,0,2.39,0.35,2.09,32,6,303,1099,3008,43.27,7.25,49.48,341,88.86,9.38
1644430081,5/10/2016,9167,6.66,0,0.88,0.81,4.97,12,19,155,1254,2799,74.62,12.16,13.21,186,83.33,6.45
1644430081,5/11/2016,1329,0.97,0,0.00,0.00,0.95,0,0,49,713,1276,97.94,0.00,0.00,49,100.00,0.00
1844505072,4/12/2016,6697,4.43,0,0.00,0.00,4.43,0,0,339,1101,2030,100.00,0.00,0.00,339,100.00,0.00
1844505072,4/13/2016,4929,3.26,0,0.00,0.00,3.26,0,0,248,1192,1860,100.00,0.00,0.00,248,100.00,0.00
1844505072,4/14/2016,7937,5.25,0,0.00,0.00,5.23,0,0,373,843,2130,99.62,0.00,0.00,373,100.00,0.00
1844505072,4/15/2016,3844,2.54,0,0.00,0.00,2.54,0,0,176,527,1725,100.00,0.00,0.00,176,100.00,0.00
1844505072,4/16/2016,3414,2.26,0,0.00,0.00,2.26,0,0,147,1293,1657,100.00,0.00,0.00,147,100.00,0.00
1844505072,4/17/2016,4525,2.99,0,0.14,0.26,2.59,2,8,199,1231,1793,86.62,8.70,4.68,209,95.22,0.96
1844505072,4/18/2016,4597,3.04,0,0.00,0.48,2.56,0,12,217,1211,1814,84.21,15.79,0.00,229,94.76,0.00
1844505072,4/19/2016,197,0.13,0,0.00,0.00,0.13,0,0,10,1430,1366,100.00,0.00,0.00,10,100.00,0.00
1844505072,4/20/2016,8,0.01,0,0.00,0.00,0.01,0,0,1,1439,1349,100.00,0.00,0.00,1,100.00,0.00
1844505072,4/21/2016,8054,5.32,0,0.12,0.52,4.68,2,13,308,1117,2062,87.97,9.77,2.26,323,95.36,0.62
1844505072,4/22/2016,5372,3.55,0,0.00,0.00,3.55,0,0,220,1220,1827,100.00,0.00,0.00,220,100.00,0.00
1844505072,4/23/2016,3570,2.36,0,0.00,0.00,2.36,0,0,139,1301,1645,100.00,0.00,0.00,139,100.00,0.00
1844505072,4/28/2016,6907,4.57,0,0.00,0.00,4.56,0,0,302,1138,1992,99.78,0.00,0.00,302,100.00,0.00
1844505072,4/29/2016,4920,3.25,0,0.00,0.00,3.25,0,0,247,1082,1856,100.00,0.00,0.00,247,100.00,0.00
1844505072,4/30/2016,4014,2.67,0,0.00,0.00,2.65,0,0,184,218,1763,99.25,0.00,0.00,184,100.00,0.00
1844505072,5/1/2016,2573,1.70,0,0.00,0.26,1.45,0,7,75,585,1541,85.29,15.29,0.00,82,91.46,0.00
1844505072,5/3/2016,4059,2.68,0,0.00,0.00,2.68,0,0,184,1256,1742,100.00,0.00,0.00,184,100.00,0.00
1844505072,5/4/2016,2080,1.37,0,0.00,0.00,1.37,0,0,87,1353,1549,100.00,0.00,0.00,87,100.00,0.00
1844505072,5/5/2016,2237,1.48,0,0.00,0.00,1.48,0,0,120,1320,1589,100.00,0.00,0.00,120,100.00,0.00
1844505072,5/6/2016,44,0.03,0,0.00,0.00,0.03,0,0,2,1438,1351,100.00,0.00,0.00,2,100.00,0.00
1927972279,4/12/2016,678,0.47,0,0.00,0.00,0.47,0,0,55,734,2220,100.00,0.00,0.00,55,100.00,0.00
1927972279,4/13/2016,356,0.25,0,0.00,0.00,0.25,0,0,32,986,2151,100.00,0.00,0.00,32,100.00,0.00
1927972279,4/14/2016,2163,1.50,0,0.00,0.40,1.10,0,9,88,1292,2383,73.33,26.67,0.00,97,90.72,0.00
1927972279,4/15/2016,980,0.68,0,0.00,0.00,0.68,0,0,51,941,2221,100.00,0.00,0.00,51,100.00,0.00
1927972279,4/18/2016,244,0.17,0,0.00,0.00,0.17,0,0,17,1423,2111,100.00,0.00,0.00,17,100.00,0.00
1927972279,4/22/2016,149,0.10,0,0.00,0.00,0.10,0,0,10,1430,2093,100.00,0.00,0.00,10,100.00,0.00
1927972279,4/23/2016,2945,2.04,0,0.00,0.00,2.04,0,0,145,1295,2499,100.00,0.00,0.00,145,100.00,0.00
1927972279,4/24/2016,2090,1.45,0,0.07,0.24,1.14,1,6,75,1358,2324,78.62,16.55,4.83,82,91.46,1.22
1927972279,4/25/2016,152,0.11,0,0.00,0.00,0.11,0,0,12,1303,2100,100.00,0.00,0.00,12,100.00,0.00
1927972279,4/26/2016,3761,2.60,0,0.00,0.00,2.60,0,0,192,1058,2638,100.00,0.00,0.00,192,100.00,0.00
1927972279,4/28/2016,1675,1.16,0,0.00,0.00,1.16,0,0,95,1167,2351,100.00,0.00,0.00,95,100.00,0.00
1927972279,5/1/2016,2704,1.87,0,1.01,0.03,0.83,14,1,70,1355,2411,44.39,1.60,54.01,85,82.35,16.47
1927972279,5/2/2016,3790,2.62,0,1.16,0.30,1.16,16,8,94,1322,2505,44.27,11.45,44.27,118,79.66,13.56
1927972279,5/3/2016,1326,0.92,0,0.73,0.00,0.18,10,0,17,1413,2195,19.57,0.00,79.35,27,62.96,37.04
1927972279,5/4/2016,1786,1.24,0,0.00,0.00,1.24,0,0,87,1353,2338,100.00,0.00,0.00,87,100.00,0.00
1927972279,5/6/2016,2091,1.45,0,0.00,0.00,1.45,0,0,108,1332,2383,100.00,0.00,0.00,108,100.00,0.00
1927972279,5/7/2016,1510,1.04,0,0.00,0.00,1.04,0,0,48,1392,2229,100.00,0.00,0.00,48,100.00,0.00
2022484408,4/12/2016,11875,8.34,0,3.31,0.77,4.26,42,14,227,1157,2390,51.08,9.23,39.69,283,80.21,14.84
2022484408,4/13/2016,12024,8.50,0,2.99,0.10,5.41,43,5,292,1100,2601,63.65,1.18,35.18,340,85.88,12.65
2022484408,4/14/2016,10690,7.50,0,2.48,0.21,4.82,32,3,257,1148,2312,64.27,2.80,33.07,292,88.01,10.96
2022484408,4/15/2016,11034,8.03,0,1.94,0.31,5.78,27,9,282,1122,2525,71.98,3.86,24.16,318,88.68,8.49
2022484408,4/16/2016,10100,7.09,0,3.15,0.55,3.39,41,11,151,1237,2177,47.81,7.76,44.43,203,74.38,20.20
2022484408,4/17/2016,15112,11.40,0,3.87,0.66,6.88,28,29,331,1052,2782,60.35,5.79,33.95,388,85.31,7.22
2022484408,4/18/2016,14131,10.07,0,3.64,0.12,6.30,48,3,311,1078,2770,62.56,1.19,36.15,362,85.91,13.26
2022484408,4/19/2016,11548,8.53,0,3.29,0.24,5.00,31,7,250,1152,2489,58.62,2.81,38.57,288,86.81,10.76
2022484408,4/20/2016,15112,10.67,0,3.34,1.93,5.40,48,63,276,1053,2897,50.61,18.09,31.30,387,71.32,12.40
2022484408,4/21/2016,12453,8.74,0,3.33,1.11,4.31,104,53,255,1028,3158,49.31,12.70,38.10,412,61.89,25.24
2022484408,4/22/2016,12954,9.33,0,4.43,0.42,4.47,52,10,273,1105,2638,47.91,4.50,47.48,335,81.49,15.52
2022484408,4/23/2016,6001,4.21,0,0.00,0.00,4.21,0,0,249,1191,2069,100.00,0.00,0.00,249,100.00,0.00
2022484408,4/24/2016,13481,10.28,0,4.55,1.15,4.58,37,26,216,1161,2529,44.55,11.19,44.26,279,77.42,13.26
2022484408,4/25/2016,11369,8.01,0,3.33,0.22,4.46,44,8,217,1171,2470,55.68,2.75,41.57,269,80.67,16.36
2022484408,4/26/2016,10119,7.19,0,1.43,0.66,5.11,55,24,275,1086,2793,71.07,9.18,19.89,354,77.68,15.54
2022484408,4/27/2016,10159,7.13,0,1.04,0.97,5.12,19,20,282,1119,2463,71.81,13.60,14.59,321,87.85,5.92
2022484408,4/28/2016,10140,7.12,0,0.41,1.33,5.39,6,20,291,1123,2296,75.70,18.68,5.76,317,91.80,1.89
2022484408,4/29/2016,10245,7.19,0,0.48,1.21,5.50,21,40,281,1098,2611,76.50,16.83,6.68,342,82.16,6.14
2022484408,4/30/2016,18387,12.91,0,0.94,1.40,10.57,13,23,361,1043,2732,81.87,10.84,7.28,397,90.93,3.27
2022484408,5/1/2016,10538,7.40,0,1.94,0.96,4.50,25,28,245,1142,2380,60.81,12.97,26.22,298,82.21,8.39
2022484408,5/2/2016,10379,7.29,0,2.61,0.34,4.33,36,8,277,1119,2473,59.40,4.66,35.80,321,86.29,11.21
2022484408,5/3/2016,12183,8.74,0,3.99,0.46,4.28,72,14,250,1104,2752,48.97,5.26,45.65,336,74.40,21.43
2022484408,5/4/2016,11768,8.29,0,2.51,0.93,4.85,36,27,272,1105,2649,58.50,11.22,30.28,335,81.19,10.75
2022484408,5/5/2016,11895,8.35,0,2.79,0.86,4.70,55,20,253,1112,2609,56.29,10.30,33.41,328,77.13,16.77
2022484408,5/6/2016,10227,7.18,0,1.87,0.67,4.64,24,17,295,1104,2498,64.62,9.33,26.04,336,87.80,7.14
2022484408,5/7/2016,6708,4.71,0,1.61,0.08,3.02,20,2,149,1269,1995,64.12,1.70,34.18,171,87.13,11.70
2022484408,5/8/2016,3292,2.31,0,0.00,0.00,2.31,0,0,135,1305,1848,100.00,0.00,0.00,135,100.00,0.00
2022484408,5/9/2016,13379,9.39,0,2.12,1.63,5.64,35,47,297,1061,2709,60.06,17.36,22.58,379,78.36,9.23
2022484408,5/10/2016,12798,8.98,0,2.22,1.21,5.56,57,28,271,1084,2797,61.92,13.47,24.72,356,76.12,16.01
2022484408,5/11/2016,13272,9.32,0,4.18,1.15,3.99,58,25,224,1133,2544,42.81,12.34,44.85,307,72.96,18.89
2022484408,5/12/2016,9117,6.41,0,1.28,0.67,4.44,16,16,236,728,1853,69.27,10.45,19.97,268,88.06,5.97
2026352035,4/12/2016,4414,2.74,0,0.19,0.35,2.20,3,8,181,706,1459,80.29,12.77,6.93,192,94.27,1.56
2026352035,4/13/2016,4993,3.10,0,0.00,0.00,3.10,0,0,238,663,1521,100.00,0.00,0.00,238,100.00,0.00
2026352035,4/14/2016,3335,2.07,0,0.00,0.00,2.05,0,0,197,653,1431,99.03,0.00,0.00,197,100.00,0.00
2026352035,4/15/2016,3821,2.37,0,0.00,0.00,2.37,0,0,188,687,1444,100.00,0.00,0.00,188,100.00,0.00
2026352035,4/16/2016,2547,1.58,0,0.00,0.00,1.58,0,0,150,728,1373,100.00,0.00,0.00,150,100.00,0.00
2026352035,4/17/2016,838,0.52,0,0.00,0.00,0.52,0,0,60,1053,1214,100.00,0.00,0.00,60,100.00,0.00
2026352035,4/18/2016,3325,2.06,0,0.00,0.00,2.06,0,0,182,1062,1419,100.00,0.00,0.00,182,100.00,0.00
2026352035,4/19/2016,2424,1.50,0,0.00,0.00,1.50,0,0,141,785,1356,100.00,0.00,0.00,141,100.00,0.00
2026352035,4/20/2016,7222,4.48,0,0.00,0.00,4.48,0,0,327,623,1667,100.00,0.00,0.00,327,100.00,0.00
2026352035,4/21/2016,2467,1.53,0,0.00,0.00,1.53,0,0,153,749,1370,100.00,0.00,0.00,153,100.00,0.00
2026352035,4/22/2016,2915,1.81,0,0.00,0.00,1.81,0,0,162,712,1399,100.00,0.00,0.00,162,100.00,0.00
2026352035,4/23/2016,12357,7.71,0,0.00,0.00,7.71,0,0,432,458,1916,100.00,0.00,0.00,432,100.00,0.00
2026352035,4/24/2016,3490,2.16,0,0.00,0.00,2.16,0,0,164,704,1401,100.00,0.00,0.00,164,100.00,0.00
2026352035,4/25/2016,6017,3.73,0,0.00,0.00,3.73,0,0,260,821,1576,100.00,0.00,0.00,260,100.00,0.00
2026352035,4/26/2016,5933,3.68,0,0.00,0.00,3.68,0,0,288,1018,1595,100.00,0.00,0.00,288,100.00,0.00
2026352035,4/27/2016,6088,3.77,0,0.00,0.00,3.77,0,0,286,586,1593,100.00,0.00,0.00,286,100.00,0.00
2026352035,4/28/2016,6375,3.95,0,0.00,0.00,3.95,0,0,331,626,1649,100.00,0.00,0.00,331,100.00,0.00
2026352035,4/29/2016,7604,4.71,0,0.00,0.00,4.71,0,0,352,492,1692,100.00,0.00,0.00,352,100.00,0.00
2026352035,4/30/2016,4729,2.93,0,0.00,0.00,2.93,0,0,233,594,1506,100.00,0.00,0.00,233,100.00,0.00
2026352035,5/1/2016,3609,2.28,0,0.00,0.00,2.28,0,0,191,716,1447,100.00,0.00,0.00,191,100.00,0.00
2026352035,5/2/2016,7018,4.35,0,0.00,0.00,4.35,0,0,355,716,1690,100.00,0.00,0.00,355,100.00,0.00
2026352035,5/3/2016,5992,3.72,0,0.00,0.00,3.72,0,0,304,981,1604,100.00,0.00,0.00,304,100.00,0.00
2026352035,5/4/2016,6564,4.07,0,0.00,0.00,4.07,0,0,345,530,1658,100.00,0.00,0.00,345,100.00,0.00
2026352035,5/5/2016,12167,7.54,0,0.00,0.00,7.54,0,0,475,479,1926,100.00,0.00,0.00,475,100.00,0.00
2026352035,5/6/2016,8198,5.08,0,0.00,0.00,5.08,0,0,383,511,1736,100.00,0.00,0.00,383,100.00,0.00
2026352035,5/7/2016,4193,2.60,0,0.00,0.00,2.60,0,0,229,665,1491,100.00,0.00,0.00,229,100.00,0.00
2026352035,5/8/2016,5528,3.45,0,0.00,0.00,3.45,0,0,258,610,1555,100.00,0.00,0.00,258,100.00,0.00
2026352035,5/9/2016,10685,6.62,0,0.00,0.00,6.60,0,0,401,543,1869,99.70,0.00,0.00,401,100.00,0.00
2026352035,5/10/2016,254,0.16,0,0.00,0.00,0.16,0,0,17,1002,1141,100.00,0.00,0.00,17,100.00,0.00
2026352035,5/11/2016,8580,5.32,0,0.00,0.00,5.32,0,0,330,569,1698,100.00,0.00,0.00,330,100.00,0.00
2026352035,5/12/2016,8891,5.51,0,0.00,0.00,5.51,0,0,343,330,1364,100.00,0.00,0.00,343,100.00,0.00
2320127002,4/12/2016,10725,7.49,0,1.17,0.31,6.01,13,9,306,1112,2124,80.24,4.14,15.62,328,93.29,3.96
2320127002,4/13/2016,7275,4.90,0,0.00,0.00,4.90,0,0,335,1105,2003,100.00,0.00,0.00,335,100.00,0.00
2320127002,4/14/2016,3973,2.68,0,0.00,0.00,2.68,0,0,191,1249,1696,100.00,0.00,0.00,191,100.00,0.00
2320127002,4/15/2016,5205,3.51,0,0.00,0.00,3.51,0,0,245,1195,1801,100.00,0.00,0.00,245,100.00,0.00
2320127002,4/16/2016,5057,3.41,0,0.00,0.00,3.40,0,0,195,1245,1724,99.71,0.00,0.00,195,100.00,0.00
2320127002,4/17/2016,6198,4.18,0,0.00,0.00,4.18,0,0,249,1191,1852,100.00,0.00,0.00,249,100.00,0.00
2320127002,4/18/2016,6559,4.42,0,0.00,0.26,4.14,0,7,260,1173,1905,93.67,5.88,0.00,267,97.38,0.00
2320127002,4/19/2016,5997,4.04,0,0.00,0.38,3.66,0,11,228,1201,1811,90.59,9.41,0.00,239,95.40,0.00
2320127002,4/20/2016,7192,4.85,0,0.00,0.49,4.34,0,11,283,1146,1922,89.48,10.10,0.00,294,96.26,0.00
2320127002,4/21/2016,3404,2.29,0,0.06,0.42,1.81,1,10,127,1302,1610,79.04,18.34,2.62,138,92.03,0.72
2320127002,4/22/2016,5583,3.76,0,0.00,0.00,3.76,0,0,266,1174,1851,100.00,0.00,0.00,266,100.00,0.00
2320127002,4/23/2016,5079,3.42,0,0.00,0.00,3.42,0,0,242,1129,1804,100.00,0.00,0.00,242,100.00,0.00
2320127002,4/24/2016,4165,2.81,0,0.00,0.00,2.80,0,0,204,1236,1725,99.64,0.00,0.00,204,100.00,0.00
2320127002,4/25/2016,3588,2.42,0,0.23,0.20,1.99,3,5,152,1280,1654,82.23,8.26,9.50,160,95.00,1.88
2320127002,4/26/2016,3409,2.30,0,0.00,0.00,2.30,0,0,147,1293,1632,100.00,0.00,0.00,147,100.00,0.00
2320127002,4/27/2016,1715,1.16,0,0.00,0.00,1.16,0,0,82,1358,1481,100.00,0.00,0.00,82,100.00,0.00
2320127002,4/28/2016,1532,1.03,0,0.00,0.00,1.03,0,0,76,1364,1473,100.00,0.00,0.00,76,100.00,0.00
2320127002,4/29/2016,924,0.62,0,0.00,0.00,0.62,0,0,45,1395,1410,100.00,0.00,0.00,45,100.00,0.00
2320127002,4/30/2016,4571,3.08,0,0.00,0.00,3.07,0,0,234,1206,1779,99.68,0.00,0.00,234,100.00,0.00
2320127002,5/1/2016,772,0.52,0,0.00,0.00,0.52,0,0,40,1400,1403,100.00,0.00,0.00,40,100.00,0.00
2320127002,5/2/2016,3634,2.45,0,0.36,0.21,1.88,5,6,123,1306,1613,76.73,8.57,14.69,134,91.79,3.73
2320127002,5/3/2016,7443,5.02,0,1.49,0.37,3.16,20,10,206,1204,1878,62.95,7.37,29.68,236,87.29,8.47
2320127002,5/4/2016,1201,0.81,0,0.00,0.00,0.81,0,0,52,1388,1426,100.00,0.00,0.00,52,100.00,0.00
2320127002,5/5/2016,5202,3.51,0,0.00,0.39,3.11,0,11,223,1206,1780,88.60,11.11,0.00,234,95.30,0.00
2320127002,5/6/2016,4878,3.29,0,0.00,0.00,3.29,0,0,204,1236,1742,100.00,0.00,0.00,204,100.00,0.00
2320127002,5/7/2016,7379,4.97,0,0.00,0.00,4.97,0,0,319,1121,1972,100.00,0.00,0.00,319,100.00,0.00
2320127002,5/8/2016,5161,3.48,0,0.00,0.00,3.47,0,0,247,1193,1821,99.71,0.00,0.00,247,100.00,0.00
2320127002,5/9/2016,3090,2.08,0,0.00,0.00,2.08,0,0,145,1295,1630,100.00,0.00,0.00,145,100.00,0.00
2320127002,5/10/2016,6227,4.20,0,0.00,0.00,4.20,0,0,290,1150,1899,100.00,0.00,0.00,290,100.00,0.00
2320127002,5/11/2016,6424,4.33,0,0.00,0.00,4.33,0,0,300,1140,1903,100.00,0.00,0.00,300,100.00,0.00
2320127002,5/12/2016,2661,1.79,0,0.00,0.00,1.79,0,0,128,830,1125,100.00,0.00,0.00,128,100.00,0.00
2347167796,4/12/2016,10113,6.83,0,2.00,0.62,4.20,28,13,320,964,2344,61.49,9.08,29.28,361,88.64,7.76
2347167796,4/13/2016,10352,7.01,0,1.66,1.94,3.41,19,32,195,676,2038,48.64,27.67,23.68,246,79.27,7.72
2347167796,4/14/2016,10129,6.70,0,0.02,2.74,3.94,1,48,206,705,2010,58.81,40.90,0.30,255,80.78,0.39
2347167796,4/15/2016,10465,6.92,0,0.07,1.42,5.43,1,24,284,720,2133,78.47,20.52,1.01,309,91.91,0.32
2347167796,4/16/2016,22244,15.08,0,5.45,4.10,5.53,66,72,268,968,2670,36.67,27.19,36.14,406,66.01,16.26
2347167796,4/17/2016,5472,3.62,0,0.08,0.28,3.26,1,7,249,508,1882,90.06,7.73,2.21,257,96.89,0.39
2347167796,4/18/2016,8247,5.45,0,0.79,0.86,3.79,11,16,206,678,1944,69.54,15.78,14.50,233,88.41,4.72
2347167796,4/19/2016,6711,4.44,0,0.00,0.00,4.44,0,7,382,648,2346,100.00,0.00,0.00,389,98.20,0.00
2347167796,4/20/2016,10999,7.27,0,0.68,1.81,4.78,11,43,269,1011,2198,65.75,24.90,9.35,323,83.28,3.41
2347167796,4/21/2016,10080,6.75,0,1.85,1.53,3.38,23,26,208,761,2048,50.07,22.67,27.41,257,80.93,8.95
2347167796,4/22/2016,7804,5.16,0,0.56,1.68,2.92,9,27,206,781,1946,56.59,32.56,10.85,242,85.12,3.72
2347167796,4/23/2016,16901,11.37,0,2.78,1.45,7.15,32,35,360,591,2629,62.88,12.75,24.45,427,84.31,7.49
2347167796,4/24/2016,9471,6.26,0,0.00,0.00,6.26,0,0,360,584,2187,100.00,0.00,0.00,360,100.00,0.00
2347167796,4/25/2016,9482,6.38,0,1.27,0.52,4.60,15,11,277,653,2095,72.10,8.15,19.91,303,91.42,4.95
2347167796,4/26/2016,5980,3.95,0,0.00,0.00,3.95,0,0,227,732,1861,100.00,0.00,0.00,227,100.00,0.00
2347167796,4/27/2016,11423,7.58,0,1.86,0.40,5.32,26,9,295,623,2194,70.18,5.28,24.54,330,89.39,7.88
2347167796,4/28/2016,5439,3.60,0,0.00,0.00,3.60,0,0,229,764,1854,100.00,0.00,0.00,229,100.00,0.00
2347167796,4/29/2016,42,0.03,0,0.00,0.00,0.03,0,0,4,2,403,100.00,0.00,0.00,4,100.00,0.00
2873212765,4/12/2016,8796,5.91,0,0.11,0.93,4.88,2,21,356,1061,1982,82.57,15.74,1.86,379,93.93,0.53
2873212765,4/13/2016,7618,5.12,0,0.00,0.22,4.88,0,8,404,1028,2004,95.31,4.30,0.00,412,98.06,0.00
2873212765,4/14/2016,7910,5.32,0,0.00,0.00,5.32,0,0,331,1109,1893,100.00,0.00,0.00,331,100.00,0.00
2873212765,4/15/2016,8482,5.70,0,0.00,0.00,5.69,0,0,448,992,2063,99.82,0.00,0.00,448,100.00,0.00
2873212765,4/16/2016,9685,6.65,0,3.11,0.02,3.51,47,1,305,1087,2148,52.78,0.30,46.77,353,86.40,13.31
2873212765,4/17/2016,2524,1.70,0,0.00,0.35,1.34,0,8,160,1272,1529,78.82,20.59,0.00,168,95.24,0.00
2873212765,4/18/2016,7762,5.24,0,0.07,0.28,4.89,1,6,311,1122,1890,93.32,5.34,1.34,318,97.80,0.31
2873212765,4/19/2016,7948,5.37,0,0.00,0.00,5.36,0,0,389,1051,1956,99.81,0.00,0.00,389,100.00,0.00
2873212765,4/20/2016,9202,6.30,0,1.51,0.12,4.66,22,5,378,1035,2094,73.97,1.90,23.97,405,93.33,5.43
2873212765,4/21/2016,8859,5.98,0,0.13,0.37,5.47,2,10,371,1057,1970,91.47,6.19,2.17,383,96.87,0.52
2873212765,4/22/2016,7286,4.90,0,0.46,0.00,4.42,46,0,366,1028,2241,90.20,0.00,9.39,412,88.83,11.17
2873212765,4/23/2016,9317,6.35,0,2.09,0.23,4.02,28,5,330,1077,2021,63.31,3.62,32.91,363,90.91,7.71
2873212765,4/24/2016,6873,4.68,0,3.00,0.06,1.62,46,1,190,1203,1898,34.62,1.28,64.10,237,80.17,19.41
2873212765,4/25/2016,7373,4.95,0,0.00,0.00,4.95,0,0,359,1081,1907,100.00,0.00,0.00,359,100.00,0.00
2873212765,4/26/2016,8242,5.54,0,0.12,0.18,5.24,2,5,309,1124,1882,94.58,3.25,2.17,316,97.78,0.63
2873212765,4/27/2016,3516,2.36,0,0.00,0.00,2.36,46,0,197,1197,1966,100.00,0.00,0.00,243,81.07,18.93
2873212765,4/28/2016,7913,5.41,0,2.16,0.34,2.91,28,7,213,1192,1835,53.79,6.28,39.93,248,85.89,11.29
2873212765,4/29/2016,7365,4.95,0,1.36,1.41,2.18,20,23,206,1191,1780,44.04,28.48,27.47,249,82.73,8.03
2873212765,4/30/2016,8452,5.68,0,0.33,1.08,4.26,5,20,248,1167,1830,75.00,19.01,5.81,273,90.84,1.83
2873212765,5/1/2016,7399,4.97,0,0.49,1.04,3.44,7,18,196,1219,1739,69.22,20.93,9.86,221,88.69,3.17
2873212765,5/2/2016,7525,5.06,0,0.00,0.21,4.83,0,7,334,1099,1878,95.45,4.15,0.00,341,97.95,0.00
2873212765,5/3/2016,7412,4.98,0,0.06,0.25,4.66,1,6,363,1070,1906,93.57,5.02,1.20,370,98.11,0.27
2873212765,5/4/2016,8278,5.56,0,0.00,0.00,5.56,0,0,420,1020,2015,100.00,0.00,0.00,420,100.00,0.00
2873212765,5/5/2016,8314,5.61,0,0.78,0.80,4.03,13,23,311,1093,1971,71.84,14.26,13.90,347,89.63,3.75
2873212765,5/6/2016,7063,4.75,0,0.00,0.12,4.61,0,5,370,1065,1910,97.05,2.53,0.00,375,98.67,0.00
2873212765,5/7/2016,4940,3.38,0,2.28,0.55,0.55,75,11,52,1302,1897,16.27,16.27,67.46,138,37.68,54.35
2873212765,5/8/2016,8168,5.54,0,2.90,0.00,2.64,46,0,326,1068,2096,47.65,0.00,52.35,372,87.63,12.37
2873212765,5/9/2016,7726,5.19,0,0.00,0.00,5.19,0,0,345,1095,1906,100.00,0.00,0.00,345,100.00,0.00
2873212765,5/10/2016,8275,5.56,0,0.00,0.00,5.55,0,0,373,1067,1962,99.82,0.00,0.00,373,100.00,0.00
2873212765,5/11/2016,6440,4.33,0,0.00,0.00,4.32,0,0,319,1121,1826,99.77,0.00,0.00,319,100.00,0.00
2873212765,5/12/2016,7566,5.11,0,0.00,0.00,5.11,0,0,268,720,1431,100.00,0.00,0.00,268,100.00,0.00
3372868164,4/12/2016,4747,3.24,0,0.00,0.00,3.23,0,0,280,1160,1788,99.69,0.00,0.00,280,100.00,0.00
3372868164,4/13/2016,9715,6.63,0,0.99,0.34,5.27,16,8,371,1045,2093,79.49,5.13,14.93,395,93.92,4.05
3372868164,4/14/2016,8844,6.03,0,0.34,1.03,4.65,6,25,370,1039,2065,77.11,17.08,5.64,401,92.27,1.50
3372868164,4/15/2016,7451,5.08,0,0.00,0.00,5.06,0,0,335,1105,1908,99.61,0.00,0.00,335,100.00,0.00
3372868164,4/16/2016,6905,4.73,0,0.00,0.00,4.70,0,0,356,1084,1908,99.37,0.00,0.00,356,100.00,0.00
3372868164,4/17/2016,8199,5.88,0,1.41,0.10,4.36,11,2,322,1105,1964,74.15,1.70,23.98,335,96.12,3.28
3372868164,4/18/2016,6798,4.64,0,1.08,0.20,3.35,20,7,343,1070,2014,72.20,4.31,23.28,370,92.70,5.41
3372868164,4/19/2016,7711,5.26,0,0.00,0.00,5.24,0,0,376,1064,1985,99.62,0.00,0.00,376,100.00,0.00
3372868164,4/20/2016,4880,3.33,0,0.84,0.09,2.38,15,3,274,1148,1867,71.47,2.70,25.23,292,93.84,5.14
3372868164,4/21/2016,8857,6.07,0,1.15,0.26,4.64,18,9,376,1037,2124,76.44,4.28,18.95,403,93.30,4.47
3372868164,4/22/2016,3843,2.62,0,0.00,0.00,2.61,0,0,206,1234,1669,99.62,0.00,0.00,206,100.00,0.00
3372868164,4/23/2016,7396,5.07,0,1.40,0.08,3.58,20,2,303,1115,1995,70.61,1.58,27.61,325,93.23,6.15
3372868164,4/24/2016,6731,4.59,0,0.89,0.19,3.49,14,7,292,1127,1921,76.03,4.14,19.39,313,93.29,4.47
3372868164,4/25/2016,5995,4.09,0,0.00,0.00,4.09,0,0,416,1024,2010,100.00,0.00,0.00,416,100.00,0.00
3372868164,4/26/2016,8283,5.79,0,1.85,0.05,3.87,22,2,333,1083,2057,66.84,0.86,31.95,357,93.28,6.16
3372868164,4/27/2016,7904,5.42,0,1.58,0.63,3.19,24,13,346,1057,2095,58.86,11.62,29.15,383,90.34,6.27
3372868164,4/28/2016,5512,3.76,0,0.00,0.00,3.76,0,0,385,1055,1972,100.00,0.00,0.00,385,100.00,0.00
3372868164,4/29/2016,9135,6.23,0,0.00,0.00,6.22,0,0,402,1038,2044,99.84,0.00,0.00,402,100.00,0.00
3372868164,4/30/2016,5250,3.58,0,1.06,0.09,2.42,17,4,300,1119,1946,67.60,2.51,29.61,321,93.46,5.30
3372868164,5/1/2016,3077,2.10,0,0.00,0.00,2.09,0,0,172,842,1237,99.52,0.00,0.00,172,100.00,0.00
3977333714,4/12/2016,8856,5.98,0,3.06,0.91,2.01,44,19,131,777,1450,33.61,15.22,51.17,194,67.53,22.68
3977333714,4/13/2016,10035,6.71,0,2.03,2.13,2.55,31,46,153,754,1495,38.00,31.74,30.25,230,66.52,13.48
3977333714,4/14/2016,7641,5.11,0,0.32,0.97,3.82,5,23,214,801,1433,74.76,18.98,6.26,242,88.43,2.07
3977333714,4/15/2016,9010,6.06,0,1.05,1.75,3.26,15,42,183,644,1468,53.80,28.88,17.33,240,76.25,6.25
3977333714,4/16/2016,13459,9.00,0,2.03,4.00,2.97,31,83,153,663,1625,33.00,44.44,22.56,267,57.30,11.61
3977333714,4/17/2016,10415,6.97,0,0.70,2.35,3.92,11,58,205,600,1529,56.24,33.72,10.04,274,74.82,4.01
3977333714,4/18/2016,11663,7.80,0,0.25,3.73,3.82,4,95,214,605,1584,48.97,47.82,3.21,313,68.37,1.28
3977333714,4/19/2016,12414,8.78,0,2.24,2.45,3.96,19,67,221,738,1638,45.10,27.90,25.51,307,71.99,6.19
3977333714,4/20/2016,11658,7.83,0,0.20,4.35,3.28,2,98,164,845,1554,41.89,55.56,2.55,264,62.12,0.76
3977333714,4/21/2016,6093,4.08,0,0.00,0.00,4.06,0,0,242,712,1397,99.51,0.00,0.00,242,100.00,0.00
3977333714,4/22/2016,8911,5.96,0,2.33,0.58,3.06,33,12,188,731,1481,51.34,9.73,39.09,233,80.69,14.16
3977333714,4/23/2016,12058,8.07,0,0.00,4.22,3.85,0,92,252,724,1638,47.71,52.29,0.00,344,73.26,0.00
3977333714,4/24/2016,14112,10.00,0,3.27,4.56,2.17,30,95,129,660,1655,21.70,45.60,32.70,254,50.79,11.81
3977333714,4/25/2016,11177,8.48,0,5.62,0.43,2.41,50,9,133,781,1570,28.42,5.07,66.27,192,69.27,26.04
3977333714,4/26/2016,11388,7.62,0,0.45,4.22,2.95,7,95,170,797,1551,38.71,55.38,5.91,272,62.50,2.57
3977333714,4/27/2016,7193,5.04,0,0.00,0.42,4.62,0,10,176,714,1377,91.67,8.33,0.00,186,94.62,0.00
3977333714,4/28/2016,7114,4.88,0,1.37,0.29,3.22,15,8,190,804,1407,65.98,5.94,28.07,213,89.20,7.04
3977333714,4/29/2016,10645,7.75,0,3.74,1.30,2.71,36,32,150,744,1545,34.97,16.77,48.26,218,68.81,16.51
3977333714,4/30/2016,13238,9.20,0,3.69,2.10,3.41,43,52,194,687,1650,37.07,22.83,40.11,289,67.13,14.88
3977333714,5/1/2016,10414,7.07,0,2.67,1.98,2.41,41,40,124,691,1501,34.09,28.01,37.77,205,60.49,20.00
3977333714,5/2/2016,16520,11.05,0,1.54,6.48,3.02,24,143,176,713,1760,27.33,58.64,13.94,343,51.31,7.00
3977333714,5/3/2016,14335,9.59,0,3.32,1.74,4.53,47,41,258,594,1710,47.24,18.14,34.62,346,74.57,13.58
3977333714,5/4/2016,13559,9.44,0,1.81,4.58,2.89,14,96,142,852,1628,30.61,48.52,19.17,252,56.35,5.56
3977333714,5/5/2016,12312,8.58,0,1.76,4.11,2.71,14,88,178,680,1618,31.59,47.90,20.51,280,63.57,5.00
3977333714,5/6/2016,11677,8.28,0,3.11,2.51,2.67,29,55,168,676,1590,32.25,30.31,37.56,252,66.67,11.51
3977333714,5/7/2016,11550,7.73,0,0.00,4.13,3.59,0,86,208,703,1574,46.44,53.43,0.00,294,70.75,0.00
3977333714,5/8/2016,13585,9.09,0,0.68,5.24,3.17,9,116,171,688,1633,34.87,57.65,7.48,296,57.77,3.04
3977333714,5/9/2016,14687,10.08,0,0.77,5.60,3.55,8,122,151,1159,1667,35.22,55.56,7.64,281,53.74,2.85
3977333714,5/10/2016,13072,8.78,0,0.07,5.40,3.31,1,115,196,676,1630,37.70,61.50,0.80,312,62.82,0.32
3977333714,5/11/2016,746,0.50,0,0.37,0.00,0.13,4,0,9,13,52,26.00,0.00,74.00,13,69.23,30.77
4020332650,4/12/2016,8539,6.12,0,0.15,0.24,5.68,4,15,331,712,3654,92.81,3.92,2.45,350,94.57,1.14
4020332650,4/14/2016,108,0.08,0,0.00,0.00,0.03,0,0,3,1437,2011,37.50,0.00,0.00,3,100.00,0.00
4020332650,4/15/2016,1882,1.35,0,0.21,0.36,0.77,36,18,87,1299,2951,57.04,26.67,15.56,141,61.70,25.53
4020332650,4/16/2016,1982,1.42,0,0.45,0.37,0.59,65,21,55,1222,3051,41.55,26.06,31.69,141,39.01,46.10
4020332650,4/17/2016,16,0.01,0,0.00,0.00,0.01,0,0,2,1438,1990,100.00,0.00,0.00,2,100.00,0.00
4020332650,4/18/2016,62,0.04,0,0.00,0.00,0.04,0,0,2,1438,1995,100.00,0.00,0.00,2,100.00,0.00
4020332650,5/2/2016,475,0.34,0,0.00,0.04,0.29,0,11,31,1350,2207,85.29,11.76,0.00,42,73.81,0.00
4020332650,5/3/2016,4496,3.22,0,0.00,0.00,3.15,0,0,174,950,2828,97.83,0.00,0.00,174,100.00,0.00
4020332650,5/4/2016,10252,7.35,0,0.67,1.04,5.58,13,46,346,531,3879,75.92,14.15,9.12,405,85.43,3.21
4020332650,5/5/2016,11728,8.43,0,2.62,1.68,4.04,38,42,196,916,3429,47.92,19.93,31.08,276,71.01,13.77
4020332650,5/6/2016,4369,3.13,0,0.00,0.00,3.10,0,0,177,855,2704,99.04,0.00,0.00,177,100.00,0.00
4020332650,5/7/2016,6132,4.40,0,0.00,0.00,3.58,0,0,184,1256,2975,81.36,0.00,0.00,184,100.00,0.00
4020332650,5/8/2016,5862,4.20,0,0.00,0.00,4.15,0,0,263,775,3089,98.81,0.00,0.00,263,100.00,0.00
4020332650,5/9/2016,4556,3.27,0,0.20,0.12,2.94,3,5,173,1225,2785,89.91,3.67,6.12,181,95.58,1.66
4020332650,5/10/2016,5546,3.98,0,0.00,0.00,3.87,0,0,206,774,2926,97.24,0.00,0.00,206,100.00,0.00
4020332650,5/11/2016,3689,2.65,0,0.11,0.17,2.33,2,8,134,1296,2645,87.92,6.42,4.15,144,93.06,1.39
4020332650,5/12/2016,590,0.42,0,0.00,0.00,0.41,0,0,21,721,1120,97.62,0.00,0.00,21,100.00,0.00
4057192912,4/12/2016,5394,4.03,0,0.00,0.00,3.94,0,0,164,1276,2286,97.77,0.00,0.00,164,100.00,0.00
4057192912,4/13/2016,5974,4.47,0,0.00,0.00,4.37,0,0,160,1280,2306,97.76,0.00,0.00,160,100.00,0.00
4057192912,4/15/2016,3984,2.95,0,0.21,0.26,2.44,3,6,88,873,1527,82.71,8.81,7.12,97,90.72,3.09
4319703577,4/13/2016,8204,5.50,0,0.53,0.59,1.31,8,15,96,1234,2135,23.82,10.73,9.64,119,80.67,6.72
4319703577,4/14/2016,10210,6.88,0,0.11,0.33,6.44,1,9,339,589,2302,93.60,4.80,1.60,349,97.13,0.29
4319703577,4/15/2016,5664,3.80,0,0.00,0.00,3.80,0,0,228,752,1985,100.00,0.00,0.00,228,100.00,0.00
4319703577,4/16/2016,4744,3.18,0,0.00,0.00,3.18,0,0,194,724,1884,100.00,0.00,0.00,194,100.00,0.00
4319703577,4/17/2016,29,0.02,0,0.00,0.00,0.02,0,0,3,1363,1464,100.00,0.00,0.00,3,100.00,0.00
4319703577,4/18/2016,2276,1.55,0,0.07,0.33,1.12,1,9,58,824,1632,72.26,21.29,4.52,68,85.29,1.47
4319703577,4/19/2016,8925,5.99,0,0.00,0.00,5.99,0,0,311,604,2200,100.00,0.00,0.00,311,100.00,0.00
4319703577,4/20/2016,8954,6.01,0,0.00,0.68,5.31,0,18,306,671,2220,88.35,11.31,0.00,324,94.44,0.00
4319703577,4/21/2016,3702,2.48,0,0.00,0.00,0.35,0,0,34,1265,1792,14.11,0.00,0.00,34,100.00,0.00
4319703577,4/22/2016,4500,3.02,0,0.06,0.81,2.15,1,19,176,709,1886,71.19,26.82,1.99,196,89.80,0.51
4319703577,4/23/2016,4935,3.31,0,0.00,0.00,3.31,0,0,233,546,1945,100.00,0.00,0.00,233,100.00,0.00
4319703577,4/24/2016,4081,2.74,0,0.06,0.20,2.47,1,5,191,692,1880,90.15,7.30,2.19,197,96.95,0.51
4319703577,4/25/2016,9259,6.21,0,0.00,0.28,5.93,0,8,390,544,2314,95.49,4.51,0.00,398,97.99,0.00
4319703577,4/26/2016,9899,6.64,0,0.57,0.92,5.15,8,21,288,649,2236,77.56,13.86,8.58,317,90.85,2.52
4319703577,4/27/2016,10780,7.23,0,0.41,1.92,4.91,6,47,300,680,2324,67.91,26.56,5.67,353,84.99,1.70
4319703577,4/28/2016,10817,7.28,0,1.01,0.33,5.94,13,8,359,552,2367,81.59,4.53,13.87,380,94.47,3.42
4319703577,4/29/2016,7990,5.36,0,0.45,0.79,4.12,6,18,289,624,2175,76.87,14.74,8.40,313,92.33,1.92
4319703577,4/30/2016,8221,5.52,0,0.40,1.61,3.51,6,38,196,695,2092,63.59,29.17,7.25,240,81.67,2.50
4319703577,5/1/2016,1251,0.84,0,0.00,0.00,0.84,0,0,67,836,1593,100.00,0.00,0.00,67,100.00,0.00
4319703577,5/2/2016,9261,6.24,0,0.00,0.44,5.71,0,11,344,585,2270,91.51,7.05,0.00,355,96.90,0.00
4319703577,5/3/2016,9648,6.47,0,0.58,1.07,4.83,8,26,287,669,2235,74.65,16.54,8.96,321,89.41,2.49
4319703577,5/4/2016,10429,7.02,0,0.59,0.58,5.85,8,13,313,1106,2282,83.33,8.26,8.40,334,93.71,2.40
4319703577,5/5/2016,13658,9.49,0,2.63,1.41,5.45,27,34,328,957,2530,57.43,14.86,27.71,389,84.32,6.94
4319703577,5/6/2016,9524,6.42,0,0.41,0.47,5.46,6,11,314,692,2266,85.05,7.32,6.39,331,94.86,1.81
4319703577,5/7/2016,7937,5.33,0,0.19,1.05,4.08,3,28,279,586,2158,76.55,19.70,3.56,310,90.00,0.97
4319703577,5/8/2016,3672,2.46,0,0.00,0.00,2.46,0,0,153,603,1792,100.00,0.00,0.00,153,100.00,0.00
4319703577,5/9/2016,10378,6.96,0,0.14,0.56,6.25,2,14,374,490,2345,89.80,8.05,2.01,390,95.90,0.51
4319703577,5/10/2016,9487,6.37,0,0.21,0.46,5.70,3,12,329,555,2260,89.48,7.22,3.30,344,95.64,0.87
4319703577,5/11/2016,9129,6.13,0,0.20,0.74,5.18,3,18,311,574,2232,84.50,12.07,3.26,332,93.67,0.90
4319703577,5/12/2016,17,0.01,0,0.00,0.00,0.01,0,0,2,0,257,100.00,0.00,0.00,2,100.00,0.00
4388161847,4/13/2016,10993,8.45,0,0.06,0.63,3.88,1,14,150,1275,3092,45.92,7.46,0.71,165,90.91,0.61
4388161847,4/14/2016,8863,6.82,0,0.13,1.07,5.62,10,35,219,945,2998,82.40,15.69,1.91,264,82.95,3.79
4388161847,4/15/2016,8758,6.73,0,0.00,0.00,6.73,0,0,299,837,3066,100.00,0.00,0.00,299,100.00,0.00
4388161847,4/16/2016,6580,5.06,0,0.21,0.40,4.45,6,9,253,609,3073,87.94,7.91,4.15,268,94.40,2.24
4388161847,4/17/2016,4660,3.58,0,0.00,0.00,3.58,0,0,201,721,2572,100.00,0.00,0.00,201,100.00,0.00
4388161847,4/18/2016,11009,9.10,0,3.56,0.40,5.14,27,8,239,1017,3274,56.48,4.40,39.12,274,87.23,9.85
4388161847,4/19/2016,10181,7.83,0,1.37,0.69,5.77,20,16,249,704,3015,73.69,8.81,17.50,285,87.37,7.02
4388161847,4/20/2016,10553,8.12,0,1.10,1.72,5.29,19,42,228,696,3083,65.15,21.18,13.55,289,78.89,6.57
4388161847,4/21/2016,10055,7.73,0,0.37,0.39,6.98,7,12,272,853,3069,90.30,5.05,4.79,291,93.47,2.41
4388161847,4/22/2016,12139,9.34,0,3.30,1.11,4.92,77,25,220,945,3544,52.68,11.88,35.33,322,68.32,23.91
4388161847,4/23/2016,13236,10.18,0,4.50,0.32,5.35,58,5,215,749,3306,52.55,3.14,44.20,278,77.34,20.86
4388161847,4/24/2016,10243,7.88,0,1.08,0.51,6.30,14,8,239,584,2885,79.95,6.47,13.71,261,91.57,5.36
4388161847,4/25/2016,12961,9.97,0,0.73,1.40,7.84,11,31,301,1054,3288,78.64,14.04,7.32,343,87.76,3.21
4388161847,4/26/2016,9461,7.28,0,0.94,1.06,5.27,14,23,224,673,2929,72.39,14.56,12.91,261,85.82,5.36
4388161847,4/27/2016,11193,8.61,0,0.70,2.51,5.39,11,48,241,684,3074,62.60,29.15,8.13,300,80.33,3.67
4388161847,4/28/2016,10074,7.75,0,1.29,0.43,6.03,19,9,234,878,2969,77.81,5.55,16.65,262,89.31,7.25
4388161847,4/29/2016,9232,7.10,0,0.80,0.89,5.42,13,16,236,1175,2979,76.34,12.54,11.27,265,89.06,4.91
4388161847,4/30/2016,12533,9.64,0,0.70,2.00,6.94,14,43,300,537,3283,71.99,20.75,7.26,357,84.03,3.92
4388161847,5/1/2016,10255,7.89,0,1.01,0.68,6.20,12,15,241,579,2926,78.58,8.62,12.80,268,89.93,4.48
4388161847,5/2/2016,10096,8.40,0,3.77,0.08,4.55,33,4,204,935,3147,54.17,0.95,44.88,241,84.65,13.69
4388161847,5/3/2016,12727,9.79,0,1.13,0.78,7.88,18,18,306,984,3290,80.49,7.97,11.54,342,89.47,5.26
4388161847,5/4/2016,12375,9.52,0,2.79,0.93,5.80,35,21,251,632,3162,60.92,9.77,29.31,307,81.76,11.40
4388161847,5/5/2016,9603,7.38,0,0.63,1.67,5.09,12,39,199,896,2899,68.97,22.63,8.54,250,79.60,4.80
4388161847,5/6/2016,13175,10.13,0,2.11,2.09,5.93,33,45,262,1100,3425,58.54,20.63,20.83,340,77.06,9.71
4388161847,5/7/2016,22770,17.54,0,9.45,2.77,5.33,120,56,260,508,4022,30.39,15.79,53.88,436,59.63,27.52
4388161847,5/8/2016,17298,14.38,0,9.89,1.26,3.23,107,38,178,576,3934,22.46,8.76,68.78,323,55.11,33.13
4388161847,5/9/2016,10218,7.86,0,0.34,0.73,6.79,6,19,258,1020,3013,86.39,9.29,4.33,283,91.17,2.12
4388161847,5/10/2016,10299,7.92,0,0.81,0.65,6.46,13,14,267,648,3061,81.57,8.21,10.23,294,90.82,4.42
4388161847,5/11/2016,10201,7.84,0,0.53,0.79,6.53,8,18,256,858,2954,83.29,10.08,6.76,282,90.78,2.84
4388161847,5/12/2016,3369,2.59,0,0.00,0.00,2.59,0,0,108,825,1623,100.00,0.00,0.00,108,100.00,0.00
4445114986,4/12/2016,3276,2.20,0,0.00,0.00,2.20,0,0,196,787,2113,100.00,0.00,0.00,196,100.00,0.00
4445114986,4/13/2016,2961,1.99,0,0.00,0.00,1.99,0,0,194,840,2095,100.00,0.00,0.00,194,100.00,0.00
4445114986,4/14/2016,3974,2.67,0,0.00,0.00,2.67,0,0,231,717,2194,100.00,0.00,0.00,231,100.00,0.00
4445114986,4/15/2016,7198,4.83,0,0.00,0.00,4.83,0,0,350,711,2496,100.00,0.00,0.00,350,100.00,0.00
4445114986,4/16/2016,3945,2.65,0,0.00,0.00,2.65,0,0,225,716,2180,100.00,0.00,0.00,225,100.00,0.00
4445114986,4/17/2016,2268,1.52,0,0.00,0.00,1.52,0,0,114,1219,1933,100.00,0.00,0.00,114,100.00,0.00
4445114986,4/18/2016,6155,4.24,0,2.00,0.29,1.95,25,6,162,1247,2248,45.99,6.84,47.17,193,83.94,12.95
4445114986,4/19/2016,2064,1.39,0,0.00,0.00,1.39,0,0,121,895,1954,100.00,0.00,0.00,121,100.00,0.00
4445114986,4/20/2016,2072,1.39,0,0.00,0.00,1.39,0,0,137,841,1974,100.00,0.00,0.00,137,100.00,0.00
4445114986,4/21/2016,3809,2.56,0,0.00,0.00,2.54,0,0,215,756,2150,99.22,0.00,0.00,215,100.00,0.00
4445114986,4/22/2016,6831,4.58,0,0.00,0.00,4.58,0,0,317,706,2432,100.00,0.00,0.00,317,100.00,0.00
4445114986,4/23/2016,4363,2.93,0,0.00,0.00,2.93,0,0,201,1239,2149,100.00,0.00,0.00,201,100.00,0.00
4445114986,4/24/2016,5002,3.36,0,0.00,0.00,3.36,0,0,244,1196,2247,100.00,0.00,0.00,244,100.00,0.00
4445114986,4/25/2016,3385,2.27,0,0.00,0.00,2.27,0,0,179,916,2070,100.00,0.00,0.00,179,100.00,0.00
4445114986,4/26/2016,6326,4.41,0,2.41,0.04,1.96,29,1,180,839,2291,44.44,0.91,54.65,210,85.71,13.81
4445114986,4/27/2016,7243,5.03,0,2.62,0.03,2.38,32,1,194,839,2361,47.32,0.60,52.09,227,85.46,14.10
4445114986,4/28/2016,4493,3.01,0,0.00,0.00,3.01,0,0,236,762,2203,100.00,0.00,0.00,236,100.00,0.00
4445114986,4/29/2016,4676,3.14,0,0.00,0.00,3.13,0,0,226,1106,2196,99.68,0.00,0.00,226,100.00,0.00
4445114986,4/30/2016,6222,4.18,0,0.00,0.00,4.18,0,0,290,797,2363,100.00,0.00,0.00,290,100.00,0.00
4445114986,5/1/2016,5232,3.51,0,0.00,0.00,3.51,0,0,240,741,2246,100.00,0.00,0.00,240,100.00,0.00
4445114986,5/2/2016,6910,4.75,0,2.21,0.19,2.35,27,4,200,667,2336,49.47,4.00,46.53,231,86.58,11.69
4445114986,5/3/2016,7502,5.18,0,2.48,0.11,2.58,30,2,233,725,2421,49.81,2.12,47.88,265,87.92,11.32
4445114986,5/4/2016,2923,1.96,0,0.00,0.00,1.96,0,0,180,897,2070,100.00,0.00,0.00,180,100.00,0.00
4445114986,5/5/2016,3800,2.55,0,0.12,0.24,2.18,2,6,185,734,2120,85.49,9.41,4.71,193,95.85,1.04
4445114986,5/6/2016,4514,3.03,0,0.00,0.00,3.03,0,0,229,809,2211,100.00,0.00,0.00,229,100.00,0.00
4445114986,5/7/2016,5183,3.59,0,2.13,0.19,1.25,26,4,108,866,2123,34.82,5.29,59.33,138,78.26,18.84
4445114986,5/8/2016,7303,4.90,0,0.00,0.25,4.65,0,8,308,733,2423,94.90,5.10,0.00,316,97.47,0.00
4445114986,5/9/2016,5275,3.54,0,0.00,0.00,3.54,0,0,266,641,2281,100.00,0.00,0.00,266,100.00,0.00
4445114986,5/10/2016,3915,2.63,0,0.00,0.00,2.63,0,0,231,783,2181,100.00,0.00,0.00,231,100.00,0.00
4445114986,5/11/2016,9105,6.11,0,2.25,1.00,2.86,34,22,232,622,2499,46.81,16.37,36.82,288,80.56,11.81
4445114986,5/12/2016,768,0.52,0,0.00,0.00,0.52,0,0,58,380,1212,100.00,0.00,0.00,58,100.00,0.00
4558609924,4/12/2016,5135,3.39,0,0.00,0.00,3.39,0,0,318,1122,1909,100.00,0.00,0.00,318,100.00,0.00
4558609924,4/13/2016,4978,3.29,0,1.24,0.44,1.61,19,7,127,1287,1722,48.94,13.37,37.69,153,83.01,12.42
4558609924,4/14/2016,6799,4.49,0,0.00,0.00,4.49,0,0,279,1161,1922,100.00,0.00,0.00,279,100.00,0.00
4558609924,4/15/2016,7795,5.15,0,0.59,0.84,3.73,17,30,262,1131,2121,72.43,16.31,11.46,309,84.79,5.50
4558609924,4/16/2016,7289,4.82,0,0.55,0.75,3.50,8,12,308,1112,1997,72.61,15.56,11.41,328,93.90,2.44
4558609924,4/17/2016,9634,6.40,0,0.55,1.14,4.71,7,19,304,1110,2117,73.59,17.81,8.59,330,92.12,2.12
4558609924,4/18/2016,8940,5.91,0,0.98,0.93,4.00,14,15,331,1080,2116,67.68,15.74,16.58,360,91.94,3.89
4558609924,4/19/2016,5401,3.57,0,0.05,0.36,3.16,1,9,248,1182,1876,88.52,10.08,1.40,258,96.12,0.39
4558609924,4/20/2016,4803,3.17,0,0.00,0.00,3.17,0,0,222,1218,1788,100.00,0.00,0.00,222,100.00,0.00
4558609924,4/21/2016,13743,9.08,0,0.42,0.97,7.70,6,21,432,844,2486,84.80,10.68,4.63,459,94.12,1.31
4558609924,4/22/2016,9601,6.35,0,1.37,1.50,3.47,20,25,273,1122,2094,54.65,23.62,21.57,318,85.85,6.29
4558609924,4/23/2016,6890,4.55,0,0.34,0.20,4.01,5,5,308,1122,2085,88.13,4.40,7.47,318,96.86,1.57
4558609924,4/24/2016,8563,5.66,0,0.00,0.00,5.65,0,0,395,1045,2173,99.82,0.00,0.00,395,100.00,0.00
4558609924,4/25/2016,8095,5.35,0,0.59,0.25,4.51,18,10,340,993,2225,84.30,4.67,11.03,368,92.39,4.89
4558609924,4/26/2016,9148,6.05,0,0.43,2.03,3.59,12,41,283,1062,2223,59.34,33.55,7.11,336,84.23,3.57
4558609924,4/27/2016,9557,6.32,0,1.96,0.89,3.46,27,14,312,1087,2098,54.75,14.08,31.01,353,88.39,7.65
4558609924,4/28/2016,9451,6.25,0,0.02,0.27,5.95,1,11,367,985,2185,95.20,4.32,0.32,379,96.83,0.26
4558609924,4/29/2016,7833,5.18,0,1.02,1.85,2.31,15,29,197,1096,1918,44.59,35.71,19.69,241,81.74,6.22
4558609924,4/30/2016,10319,6.82,0,0.47,1.89,4.46,7,29,293,1111,2105,65.40,27.71,6.89,329,89.06,2.13
4558609924,5/1/2016,3428,2.27,0,0.00,0.00,2.27,0,0,190,1121,1692,100.00,0.00,0.00,190,100.00,0.00
4558609924,5/2/2016,7891,5.22,0,0.00,0.00,5.22,0,0,383,1057,2066,100.00,0.00,0.00,383,100.00,0.00
4558609924,5/3/2016,5267,3.48,0,0.60,0.28,2.60,21,10,237,1172,1953,74.71,8.05,17.24,268,88.43,7.84
4558609924,5/4/2016,5232,3.46,0,0.00,0.00,3.46,0,0,252,1188,1842,100.00,0.00,0.00,252,100.00,0.00
4558609924,5/5/2016,10611,7.01,0,1.01,0.50,5.51,14,8,370,1048,2262,78.60,7.13,14.41,392,94.39,3.57
4558609924,5/6/2016,3755,2.48,0,0.00,0.00,2.48,0,0,202,1238,1722,100.00,0.00,0.00,202,100.00,0.00
4558609924,5/7/2016,8237,5.44,0,1.61,1.00,2.83,23,16,233,1116,1973,52.02,18.38,29.60,272,85.66,8.46
4558609924,5/8/2016,6543,4.33,0,1.80,0.50,2.02,66,35,238,1019,2666,46.65,11.55,41.57,339,70.21,19.47
4558609924,5/9/2016,11451,7.57,0,0.43,1.62,5.52,6,30,339,1065,2223,72.92,21.40,5.68,375,90.40,1.60
4558609924,5/10/2016,6435,4.25,0,0.74,1.12,2.39,11,18,220,1191,1889,56.24,26.35,17.41,249,88.35,4.42
4558609924,5/11/2016,9108,6.02,0,0.26,1.82,3.94,4,31,324,1081,2131,65.45,30.23,4.32,359,90.25,1.11
4558609924,5/12/2016,6307,4.17,0,0.00,0.00,4.17,0,0,247,736,1452,100.00,0.00,0.00,247,100.00,0.00
4702921684,4/12/2016,7213,5.88,0,0.00,0.00,5.85,0,0,263,718,2947,99.49,0.00,0.00,263,100.00,0.00
4702921684,4/13/2016,6877,5.58,0,0.00,0.00,5.58,0,0,258,777,2898,100.00,0.00,0.00,258,100.00,0.00
4702921684,4/14/2016,7860,6.37,0,0.00,0.00,6.37,0,0,271,772,2984,100.00,0.00,0.00,271,100.00,0.00
4702921684,4/15/2016,6506,5.28,0,0.07,0.42,4.79,1,8,256,944,2896,90.72,7.95,1.33,265,96.60,0.38
4702921684,4/16/2016,11140,9.03,0,0.24,1.25,7.54,3,24,335,556,3328,83.50,13.84,2.66,362,92.54,0.83
4702921684,4/17/2016,12692,10.29,0,0.96,3.46,5.88,12,66,302,437,3394,57.14,33.62,9.33,380,79.47,3.16
4702921684,4/18/2016,9105,7.38,0,1.82,1.49,4.07,22,30,191,890,3013,55.15,20.19,24.66,243,78.60,9.05
4702921684,4/19/2016,6708,5.44,0,0.88,0.37,4.19,10,8,179,757,2812,77.02,6.80,16.18,197,90.86,5.08
4702921684,4/20/2016,8793,7.13,0,0.16,1.23,5.73,2,29,260,717,3061,80.36,17.25,2.24,291,89.35,0.69
4702921684,4/21/2016,6530,5.30,0,0.31,2.05,2.94,4,41,144,901,2729,55.47,38.68,5.85,189,76.19,2.12
4702921684,4/22/2016,1664,1.35,0,0.00,0.00,1.35,0,0,72,1341,2241,100.00,0.00,0.00,72,100.00,0.00
4702921684,4/23/2016,15126,12.27,0,0.76,3.24,8.27,9,66,408,469,3691,67.40,26.41,6.19,483,84.47,1.86
4702921684,4/24/2016,15050,12.22,0,1.20,5.12,5.88,15,95,281,542,3538,48.12,41.90,9.82,391,71.87,3.84
4702921684,4/25/2016,9167,7.43,0,0.49,0.82,6.11,6,15,270,730,3064,82.23,11.04,6.59,291,92.78,2.06
4702921684,4/26/2016,6108,4.95,0,0.07,0.35,4.54,1,8,216,765,2784,91.72,7.07,1.41,225,96.00,0.44
4702921684,4/27/2016,7047,5.72,0,0.09,0.80,4.78,1,16,238,733,2908,83.57,13.99,1.57,255,93.33,0.39
4702921684,4/28/2016,9023,7.32,0,1.13,0.42,5.77,14,9,232,738,3033,78.83,5.74,15.44,255,90.98,5.49
4702921684,4/29/2016,9930,8.05,0,1.06,0.92,6.07,12,19,267,692,3165,75.40,11.43,13.17,298,89.60,4.03
4702921684,4/30/2016,10144,8.23,0,0.32,2.03,5.88,4,36,263,728,3115,71.45,24.67,3.89,303,86.80,1.32
4702921684,5/2/2016,7245,5.92,0,0.38,1.74,3.76,5,40,195,1131,2859,63.51,29.39,6.42,240,81.25,2.08
4702921684,5/3/2016,9454,7.67,0,0.00,0.00,7.67,0,0,313,729,3145,100.00,0.00,0.00,313,100.00,0.00
4702921684,5/4/2016,8161,6.62,0,0.34,0.73,5.54,4,15,251,757,3004,83.69,11.03,5.14,270,92.96,1.48
4702921684,5/5/2016,8614,6.99,0,0.67,0.22,6.09,8,5,241,745,3006,87.12,3.15,9.59,254,94.88,3.15
4702921684,5/6/2016,6943,5.63,0,0.08,0.66,4.87,1,16,207,682,2859,86.50,11.72,1.42,224,92.41,0.45
4702921684,5/7/2016,14370,11.65,0,0.37,2.31,8.97,5,46,439,577,3683,77.00,19.83,3.18,490,89.59,1.02
4702921684,5/8/2016,12857,10.43,0,0.68,6.21,3.54,9,125,192,1019,3287,33.94,59.54,6.52,326,58.90,2.76
4702921684,5/9/2016,8232,6.68,0,0.00,0.57,6.10,0,12,253,746,2990,91.32,8.53,0.00,265,95.47,0.00
4702921684,5/10/2016,10613,8.61,0,0.08,1.88,6.65,1,37,262,701,3172,77.24,21.84,0.93,300,87.33,0.33
4702921684,5/11/2016,9810,7.96,0,0.78,2.16,4.98,10,41,235,784,3069,62.56,27.14,9.80,286,82.17,3.50
4702921684,5/12/2016,2752,2.23,0,0.00,0.00,2.23,0,0,68,241,1240,100.00,0.00,0.00,68,100.00,0.00
5553957443,4/12/2016,11596,7.57,0,1.37,0.79,5.41,19,13,277,767,2026,71.47,10.44,18.10,309,89.64,6.15
5553957443,4/13/2016,4832,3.16,0,0.00,0.00,3.16,0,0,226,647,1718,100.00,0.00,0.00,226,100.00,0.00
5553957443,4/14/2016,17022,11.12,0,4.00,2.45,4.67,61,41,256,693,2324,42.00,22.03,35.97,358,71.51,17.04
5553957443,4/15/2016,16556,10.86,0,4.16,1.98,4.71,58,38,239,689,2254,43.37,18.23,38.31,335,71.34,17.31
5553957443,4/16/2016,5771,3.77,0,0.00,0.00,3.77,0,0,288,521,1831,100.00,0.00,0.00,288,100.00,0.00
5553957443,4/17/2016,655,0.43,0,0.00,0.00,0.43,0,0,46,943,1397,100.00,0.00,0.00,46,100.00,0.00
5553957443,4/18/2016,3727,2.43,0,0.00,0.00,2.43,0,0,206,622,1683,100.00,0.00,0.00,206,100.00,0.00
5553957443,4/19/2016,15482,10.11,0,4.28,1.66,4.18,69,28,249,756,2284,41.35,16.42,42.33,346,71.97,19.94
5553957443,4/20/2016,2713,1.77,0,0.00,0.00,1.77,0,0,148,598,1570,100.00,0.00,0.00,148,100.00,0.00
5553957443,4/21/2016,12346,8.06,0,2.95,2.16,2.96,47,42,177,801,2066,36.72,26.80,36.60,266,66.54,17.67
5553957443,4/22/2016,11682,7.63,0,1.38,0.63,5.60,25,16,270,781,2105,73.39,8.26,18.09,311,86.82,8.04
5553957443,4/23/2016,4112,2.69,0,0.00,0.00,2.68,0,0,272,443,1776,99.63,0.00,0.00,272,100.00,0.00
5553957443,4/24/2016,1807,1.18,0,0.00,0.00,1.18,0,0,104,582,1507,100.00,0.00,0.00,104,100.00,0.00
5553957443,4/25/2016,10946,7.19,0,2.93,0.57,3.69,51,11,201,732,2033,51.32,7.93,40.75,263,76.43,19.39
5553957443,4/26/2016,11886,7.76,0,2.37,0.93,4.46,40,18,238,750,2093,57.47,11.98,30.54,296,80.41,13.51
5553957443,4/27/2016,10538,6.88,0,1.14,1.00,4.74,16,16,206,745,1922,68.90,14.53,16.57,238,86.55,6.72
5553957443,4/28/2016,11393,7.63,0,3.71,0.75,3.17,49,13,165,727,1999,41.55,9.83,48.62,227,72.69,21.59
5553957443,4/29/2016,12764,8.33,0,2.79,0.64,4.91,46,15,270,709,2169,58.94,7.68,33.49,331,81.57,13.90
5553957443,4/30/2016,1202,0.78,0,0.00,0.00,0.78,0,0,84,506,1463,100.00,0.00,0.00,84,100.00,0.00
5553957443,5/1/2016,5164,3.37,0,0.00,0.00,3.37,0,0,237,436,1747,100.00,0.00,0.00,237,100.00,0.00
5553957443,5/2/2016,9769,6.38,0,1.06,0.41,4.90,23,9,227,724,1996,76.80,6.43,16.61,259,87.64,8.88
5553957443,5/3/2016,12848,8.39,0,1.50,1.20,5.68,26,29,247,812,2116,67.70,14.30,17.88,302,81.79,8.61
5553957443,5/4/2016,4249,2.77,0,0.00,0.00,2.77,0,0,224,651,1698,100.00,0.00,0.00,224,100.00,0.00
5553957443,5/5/2016,14331,9.51,0,3.43,1.66,4.43,44,29,241,692,2156,46.58,17.46,36.07,314,76.75,14.01
5553957443,5/6/2016,9632,6.29,0,1.52,0.54,4.23,21,9,229,761,1916,67.25,8.59,24.17,259,88.42,8.11
5553957443,5/7/2016,1868,1.22,0,0.00,0.00,1.22,0,0,96,902,1494,100.00,0.00,0.00,96,100.00,0.00
5553957443,5/8/2016,6083,4.00,0,0.22,0.47,3.30,3,8,210,505,1762,82.50,11.75,5.50,221,95.02,1.36
5553957443,5/9/2016,11611,7.58,0,2.13,0.89,4.56,59,22,251,667,2272,60.16,11.74,28.10,332,75.60,17.77
5553957443,5/10/2016,16358,10.71,0,3.87,1.61,5.20,61,40,265,707,2335,48.55,15.03,36.13,366,72.40,16.67
5553957443,5/11/2016,4926,3.22,0,0.00,0.00,3.22,0,0,195,628,1693,100.00,0.00,0.00,195,100.00,0.00
5553957443,5/12/2016,3121,2.04,0,0.58,0.40,1.06,8,6,48,222,741,51.96,19.61,28.43,62,77.42,12.90
5577150313,4/12/2016,8135,6.08,0,3.60,0.38,2.10,86,16,140,728,3405,34.54,6.25,59.21,242,57.85,35.54
5577150313,4/13/2016,5077,3.79,0,0.32,0.22,3.25,15,11,144,776,2551,85.75,5.80,8.44,170,84.71,8.82
5577150313,4/14/2016,8596,6.42,0,3.33,0.31,2.78,118,30,176,662,4022,43.30,4.83,51.87,324,54.32,36.42
5577150313,4/15/2016,12087,9.08,0,3.92,1.60,3.56,115,54,199,695,4005,39.21,17.62,43.17,368,54.08,31.25
5577150313,4/16/2016,14269,10.66,0,6.64,1.28,2.73,184,56,158,472,4274,25.61,12.01,62.29,398,39.70,46.23
5577150313,4/17/2016,12231,9.14,0,5.98,0.83,2.32,200,37,159,525,4552,25.38,9.08,65.43,396,40.15,50.51
5577150313,4/18/2016,9893,7.39,0,4.86,0.72,1.82,114,32,130,623,3625,24.63,9.74,65.76,276,47.10,41.30
5577150313,4/19/2016,12574,9.42,0,7.02,0.64,1.76,108,23,111,733,3501,18.68,6.79,74.52,242,45.87,44.63
5577150313,4/20/2016,8330,6.22,0,4.12,0.34,1.76,87,16,113,773,3192,28.30,5.47,66.24,216,52.31,40.28
5577150313,4/21/2016,10830,8.09,0,3.65,1.66,2.78,110,74,175,670,4018,34.36,20.52,45.12,359,48.75,30.64
5577150313,4/22/2016,9172,6.85,0,2.42,0.79,3.30,62,30,200,823,3329,48.18,11.53,35.33,292,68.49,21.23
5577150313,4/23/2016,7638,5.71,0,1.21,0.36,4.14,24,24,223,627,3152,72.50,6.30,21.19,271,82.29,8.86
5577150313,4/24/2016,15764,11.78,0,7.65,2.15,1.98,210,65,141,425,4392,16.81,18.25,64.94,416,33.89,50.48
5577150313,4/25/2016,6393,4.78,0,1.35,0.67,2.76,61,38,214,743,3374,57.74,14.02,28.24,313,68.37,19.49
5577150313,4/26/2016,5325,3.98,0,0.85,0.65,2.47,38,32,181,759,3088,62.06,16.33,21.36,251,72.11,15.14
5577150313,4/27/2016,6805,5.14,0,1.81,0.40,2.93,63,16,190,773,3294,57.00,7.78,35.21,269,70.63,23.42
5577150313,4/28/2016,9841,7.43,0,3.25,1.17,3.01,99,51,141,692,3580,40.51,15.75,43.74,291,48.45,34.02
5577150313,4/29/2016,7924,5.92,0,2.84,0.61,2.47,97,36,165,739,3544,41.72,10.30,47.97,298,55.37,32.55
5577150313,4/30/2016,12363,9.24,0,5.83,0.79,2.61,207,45,163,621,4501,28.25,8.55,63.10,415,39.28,49.88
5577150313,5/1/2016,13368,9.99,0,5.31,1.44,3.24,194,72,178,499,4546,32.43,14.41,53.15,444,40.09,43.69
5577150313,5/2/2016,7439,5.56,0,1.12,0.35,4.07,37,20,235,732,3014,73.20,6.29,20.14,292,80.48,12.67
5577150313,5/3/2016,11045,8.25,0,4.52,0.15,3.57,97,8,212,580,3795,43.27,1.82,54.79,317,66.88,30.60
5577150313,5/4/2016,5206,3.89,0,1.56,0.25,2.08,25,9,141,631,2755,53.47,6.43,40.10,175,80.57,14.29
5577150313,5/5/2016,7550,5.64,0,2.50,0.47,2.67,45,21,143,1153,3004,47.34,8.33,44.33,209,68.42,21.53
5577150313,5/6/2016,4950,3.70,0,1.93,0.32,1.45,41,16,79,1304,2643,39.19,8.65,52.16,136,58.09,30.15
5577150313,5/9/2016,3421,2.56,0,1.43,0.14,0.99,34,11,70,1099,2489,38.67,5.47,55.86,115,60.87,29.57
5577150313,5/10/2016,8869,6.65,0,2.56,0.75,3.35,104,37,194,639,3841,50.38,11.28,38.50,335,57.91,31.04
5577150313,5/11/2016,4038,3.04,0,1.83,0.30,0.89,45,15,63,257,1665,29.28,9.87,60.20,123,51.22,36.59
6117666160,4/15/2016,14019,10.59,0,0.00,0.28,10.30,0,6,513,921,2865,97.26,2.64,0.00,519,98.84,0.00
6117666160,4/16/2016,14450,10.91,0,0.58,0.85,9.48,7,15,518,502,2828,86.89,7.79,5.32,540,95.93,1.30
6117666160,4/17/2016,7150,5.40,0,0.00,0.00,5.40,0,0,312,702,2225,100.00,0.00,0.00,312,100.00,0.00
6117666160,4/18/2016,5153,3.91,0,0.00,0.00,3.89,0,0,241,759,2018,99.49,0.00,0.00,241,100.00,0.00
6117666160,4/19/2016,11135,8.41,0,0.00,0.00,8.41,0,0,480,425,2606,100.00,0.00,0.00,480,100.00,0.00
6117666160,4/20/2016,10449,8.02,0,2.03,0.48,5.52,26,10,349,587,2536,68.83,5.99,25.31,385,90.65,6.75
6117666160,4/21/2016,19542,15.01,0,0.98,0.40,5.62,11,19,294,579,4900,37.44,2.66,6.53,324,90.74,3.40
6117666160,4/22/2016,8206,6.20,0,0.00,0.00,6.20,0,0,402,413,2409,100.00,0.00,0.00,402,100.00,0.00
6117666160,4/23/2016,11495,8.68,0,0.00,0.00,8.68,0,0,512,468,2651,100.00,0.00,0.00,512,100.00,0.00
6117666160,4/24/2016,7623,5.76,0,0.00,0.00,5.76,0,0,362,711,2305,100.00,0.00,0.00,362,100.00,0.00
6117666160,4/26/2016,9543,7.21,0,0.00,0.34,6.87,0,7,352,1077,2450,95.28,4.72,0.00,359,98.05,0.00
6117666160,4/27/2016,9411,7.11,0,0.00,0.00,7.11,0,0,458,417,2576,100.00,0.00,0.00,458,100.00,0.00
6117666160,4/28/2016,3403,2.60,0,0.00,0.00,2.60,0,0,141,758,1879,100.00,0.00,0.00,141,100.00,0.00
6117666160,4/29/2016,9592,7.24,0,0.00,0.00,7.24,0,0,461,479,2560,100.00,0.00,0.00,461,100.00,0.00
6117666160,4/30/2016,6987,5.28,0,0.00,0.00,5.28,0,0,343,1040,2275,100.00,0.00,0.00,343,100.00,0.00
6117666160,5/1/2016,8915,6.73,0,0.00,0.00,6.73,0,0,397,525,2361,100.00,0.00,0.00,397,100.00,0.00
6117666160,5/2/2016,4933,3.73,0,0.00,0.00,3.73,0,0,236,1204,2044,100.00,0.00,0.00,236,100.00,0.00
6117666160,5/4/2016,2997,2.26,0,0.00,0.00,2.26,0,0,156,1279,1902,100.00,0.00,0.00,156,100.00,0.00
6117666160,5/5/2016,9799,7.40,0,0.00,0.00,7.40,0,0,487,479,2636,100.00,0.00,0.00,487,100.00,0.00
6117666160,5/6/2016,3365,2.68,0,0.00,0.00,2.68,0,0,133,673,1838,100.00,0.00,0.00,133,100.00,0.00
6117666160,5/7/2016,7336,5.54,0,0.00,0.00,5.54,0,0,412,456,2469,100.00,0.00,0.00,412,100.00,0.00
6117666160,5/8/2016,7328,5.53,0,0.00,0.00,5.53,0,0,318,517,2250,100.00,0.00,0.00,318,100.00,0.00
6117666160,5/9/2016,4477,3.38,0,0.00,0.00,3.38,0,0,197,125,1248,100.00,0.00,0.00,197,100.00,0.00
6290855005,4/12/2016,4562,3.45,0,0.00,0.00,3.45,0,0,199,1241,2560,100.00,0.00,0.00,199,100.00,0.00
6290855005,4/13/2016,7142,5.40,0,0.00,0.00,5.39,0,0,350,1090,2905,99.81,0.00,0.00,350,100.00,0.00
6290855005,4/14/2016,7671,5.80,0,0.00,0.00,5.77,0,0,363,1077,2952,99.48,0.00,0.00,363,100.00,0.00
6290855005,4/15/2016,9501,7.18,0,0.00,0.00,7.17,0,0,328,1112,2896,99.86,0.00,0.00,328,100.00,0.00
6290855005,4/16/2016,8301,6.28,0,0.00,0.00,6.27,0,0,258,1182,2783,99.84,0.00,0.00,258,100.00,0.00
6290855005,4/17/2016,7851,5.94,0,1.14,0.79,4.00,31,12,225,1172,3171,67.34,13.30,19.19,268,83.96,11.57
6290855005,4/18/2016,6885,5.21,0,0.00,0.00,5.19,0,0,271,1169,2766,99.62,0.00,0.00,271,100.00,0.00
6290855005,4/19/2016,7142,5.40,0,0.00,0.00,5.39,0,0,321,1119,2839,99.81,0.00,0.00,321,100.00,0.00
6290855005,4/20/2016,6361,4.81,0,0.00,0.00,4.80,0,0,258,1182,2701,99.79,0.00,0.00,258,100.00,0.00
6290855005,4/22/2016,6238,4.72,0,0.00,0.00,4.72,0,0,302,1138,2796,100.00,0.00,0.00,302,100.00,0.00
6290855005,4/24/2016,5896,4.46,0,0.00,0.00,4.46,0,0,258,1182,2703,100.00,0.00,0.00,258,100.00,0.00
6290855005,4/25/2016,7802,5.90,0,0.68,0.18,5.03,8,3,249,1180,2771,85.25,3.05,11.53,260,95.77,3.08
6290855005,4/27/2016,5565,4.21,0,0.00,0.00,4.18,0,0,287,1153,2743,99.29,0.00,0.00,287,100.00,0.00
6290855005,4/28/2016,5731,4.33,0,0.00,0.00,4.33,0,0,255,1185,2687,100.00,0.00,0.00,255,100.00,0.00
6290855005,4/30/2016,6744,5.10,0,0.00,0.00,5.09,0,0,324,1116,2843,99.80,0.00,0.00,324,100.00,0.00
6290855005,5/1/2016,9837,7.44,0,0.66,2.75,4.00,8,95,282,1055,3327,53.76,36.96,8.87,385,73.25,2.08
6290855005,5/2/2016,6781,5.13,0,0.00,0.00,5.11,0,0,268,1172,2725,99.61,0.00,0.00,268,100.00,0.00
6290855005,5/3/2016,6047,4.57,0,0.00,0.00,4.57,0,0,240,1200,2671,100.00,0.00,0.00,240,100.00,0.00
6290855005,5/4/2016,5832,4.41,0,0.00,0.00,4.40,0,0,272,1168,2718,99.77,0.00,0.00,272,100.00,0.00
6290855005,5/5/2016,6339,4.79,0,0.00,0.00,4.79,0,0,239,1201,2682,100.00,0.00,0.00,239,100.00,0.00
6290855005,5/6/2016,6116,4.62,0,0.00,0.00,4.59,0,0,305,1135,2806,99.35,0.00,0.00,305,100.00,0.00
6290855005,5/7/2016,5510,4.17,0,0.00,0.00,4.16,0,0,227,1213,2613,99.76,0.00,0.00,227,100.00,0.00
6290855005,5/8/2016,7706,5.83,0,0.00,0.00,5.82,0,0,251,1189,2712,99.83,0.00,0.00,251,100.00,0.00
6290855005,5/9/2016,6277,4.75,0,0.00,0.00,4.73,0,0,264,800,2175,99.58,0.00,0.00,264,100.00,0.00
6775888955,4/13/2016,4053,2.91,0,1.11,0.58,1.22,17,18,85,1053,2400,41.92,19.93,38.14,120,70.83,14.17
6775888955,4/14/2016,5162,3.70,0,0.87,0.86,1.97,14,24,105,863,2507,53.24,23.24,23.51,143,73.43,9.79
6775888955,4/15/2016,1282,0.92,0,0.00,0.00,0.92,0,0,58,976,2127,100.00,0.00,0.00,58,100.00,0.00
6775888955,4/16/2016,4732,3.39,0,2.52,0.81,0.06,36,18,9,1377,2225,1.77,23.89,74.34,63,14.29,57.14
6775888955,4/17/2016,2497,1.79,0,0.35,1.13,0.31,5,24,19,1392,2067,17.32,63.13,19.55,48,39.58,10.42
6775888955,4/18/2016,8294,5.95,0,2.00,0.77,3.17,30,31,146,1233,2798,53.28,12.94,33.61,207,70.53,14.49
6775888955,4/20/2016,10771,7.72,0,3.77,1.74,2.22,70,113,178,1079,3727,28.76,22.54,48.83,361,49.31,19.39
6775888955,4/22/2016,637,0.46,0,0.00,0.00,0.46,0,0,20,1420,1922,100.00,0.00,0.00,20,100.00,0.00
6775888955,4/24/2016,2153,1.54,0,0.77,0.62,0.15,11,18,11,1400,2053,9.74,40.26,50.00,40,27.50,27.50
6775888955,4/25/2016,6474,4.64,0,2.27,0.46,1.90,33,13,92,1302,2484,40.95,9.91,48.92,138,66.67,23.91
6775888955,4/26/2016,7091,5.27,1.959596038,3.48,0.87,0.73,42,30,47,1321,2584,13.85,16.51,66.03,119,39.50,35.29
6775888955,4/28/2016,703,0.50,0,0.06,0.20,0.24,2,13,15,1410,1993,48.00,40.00,12.00,30,50.00,6.67
6775888955,4/30/2016,2503,1.79,0,0.16,0.16,1.48,3,9,84,1344,2280,82.68,8.94,8.94,96,87.50,3.13
6775888955,5/1/2016,2487,1.78,0,0.48,0.62,0.68,9,34,50,1347,2319,38.20,34.83,26.97,93,53.76,9.68
6775888955,5/3/2016,9,0.01,0,0.00,0.00,0.01,0,0,1,1439,1843,100.00,0.00,0.00,1,100.00,0.00
6775888955,5/6/2016,4697,3.37,0,0.47,0.93,1.93,12,35,75,1318,2496,57.27,27.60,13.95,122,61.48,9.84
6775888955,5/7/2016,1967,1.41,0,0.13,0.24,1.05,2,5,49,551,1032,74.47,17.02,9.22,56,87.50,3.57
6962181067,4/12/2016,10199,6.74,0,3.40,0.83,2.51,50,14,189,796,1994,37.24,12.31,50.45,253,74.70,19.76
6962181067,4/13/2016,5652,3.74,0,0.57,1.21,1.96,8,24,142,548,1718,52.41,32.35,15.24,174,81.61,4.60
6962181067,4/14/2016,1551,1.03,0,0.00,0.00,1.03,0,0,86,862,1466,100.00,0.00,0.00,86,100.00,0.00
6962181067,4/15/2016,5563,3.68,0,0.00,0.00,3.68,0,0,217,837,1756,100.00,0.00,0.00,217,100.00,0.00
6962181067,4/16/2016,13217,8.74,0,3.66,0.19,4.88,50,3,280,741,2173,55.84,2.17,41.88,333,84.08,15.02
6962181067,4/17/2016,10145,6.71,0,0.33,0.68,5.69,5,13,295,634,2027,84.80,10.13,4.92,313,94.25,1.60
6962181067,4/18/2016,11404,7.54,0,0.83,2.39,4.32,13,42,238,689,2039,57.29,31.70,11.01,293,81.23,4.44
6962181067,4/19/2016,10742,7.10,0,2.10,2.13,2.87,35,41,195,659,2046,40.42,30.00,29.58,271,71.96,12.92
6962181067,4/20/2016,13928,9.55,0,4.28,0.19,5.09,48,4,297,639,2174,53.30,1.99,44.82,349,85.10,13.75
6962181067,4/21/2016,11835,9.71,4.081692219,3.99,2.10,3.51,53,27,214,708,2179,36.15,21.63,41.09,294,72.79,18.03
6962181067,4/22/2016,10725,7.09,0,1.77,1.55,3.77,30,33,240,659,2086,53.17,21.86,24.96,303,79.21,9.90
6962181067,4/23/2016,20031,13.24,0,4.20,2.00,7.04,58,41,347,484,2571,53.17,15.11,31.72,446,77.80,13.00
6962181067,4/24/2016,5029,3.32,0,0.00,0.00,3.32,0,0,199,720,1705,100.00,0.00,0.00,199,100.00,0.00
6962181067,4/25/2016,13239,9.27,2.785175085,3.02,1.68,4.46,35,31,282,637,2194,48.11,18.12,32.58,348,81.03,10.06
6962181067,4/26/2016,10433,6.90,0,2.58,0.42,3.90,36,7,254,680,2012,56.52,6.09,37.39,297,85.52,12.12
6962181067,4/27/2016,10320,6.82,0,0.55,2.02,4.25,7,38,279,697,2034,62.32,29.62,8.06,324,86.11,2.16
6962181067,4/28/2016,12627,8.35,0,2.51,0.24,5.59,38,8,288,621,2182,66.95,2.87,30.06,334,86.23,11.38
6962181067,4/29/2016,10762,7.11,0,0.82,0.48,5.81,12,15,369,645,2254,81.72,6.75,11.53,396,93.18,3.03
6962181067,4/30/2016,10081,6.66,0,2.24,0.76,3.67,32,16,237,731,2002,55.11,11.41,33.63,285,83.16,11.23
6962181067,5/1/2016,5454,3.61,0,0.00,0.00,3.61,0,0,215,722,1740,100.00,0.00,0.00,215,100.00,0.00
6962181067,5/2/2016,12912,8.54,0,1.20,2.00,5.34,18,39,313,655,2162,62.53,23.42,14.05,370,84.59,4.86
6962181067,5/3/2016,12109,8.12,0,1.74,2.04,4.33,21,36,267,654,2072,53.33,25.12,21.43,324,82.41,6.48
6962181067,5/4/2016,10147,6.71,0,0.47,1.68,4.55,15,36,284,683,2086,67.81,25.04,7.00,335,84.78,4.48
6962181067,5/5/2016,10524,6.96,0,0.99,1.16,4.81,14,22,305,591,2066,69.11,16.67,14.22,341,89.44,4.11
6962181067,5/6/2016,5908,3.91,0,0.00,0.00,3.91,0,0,299,717,1850,100.00,0.00,0.00,299,100.00,0.00
6962181067,5/7/2016,6815,4.50,0,0.00,0.00,4.50,0,0,328,745,1947,100.00,0.00,0.00,328,100.00,0.00
6962181067,5/8/2016,4188,2.77,0,0.00,0.52,2.25,0,14,151,709,1659,81.23,18.77,0.00,165,91.52,0.00
6962181067,5/9/2016,12342,8.72,3.167821884,3.90,1.18,3.65,43,21,231,607,2105,41.86,13.53,44.72,295,78.31,14.58
6962181067,5/10/2016,15448,10.21,0,3.47,1.75,4.99,62,34,275,626,2361,48.87,17.14,33.99,371,74.12,16.71
6962181067,5/11/2016,6722,4.44,0,1.49,0.31,2.65,24,7,199,709,1855,59.68,6.98,33.56,230,86.52,10.43
6962181067,5/12/2016,3587,2.37,0,0.00,0.25,2.11,0,8,105,127,928,89.03,10.55,0.00,113,92.92,0.00
7007744171,4/12/2016,14172,10.29,4.869782925,4.50,0.38,5.41,53,8,355,1024,2937,52.58,3.69,43.73,416,85.34,12.74
7007744171,4/13/2016,12862,9.65,4.851306915,4.61,0.56,4.48,56,22,261,1101,2742,46.42,5.80,47.77,339,76.99,16.52
7007744171,4/14/2016,11179,8.24,3.285414934,2.95,0.34,4.96,34,6,304,1096,2668,60.19,4.13,35.80,344,88.37,9.88
7007744171,4/15/2016,5273,3.53,0,0.00,0.00,3.53,0,0,202,1238,2098,100.00,0.00,0.00,202,100.00,0.00
7007744171,4/16/2016,4631,3.10,0,0.00,0.00,3.10,0,0,203,1155,2076,100.00,0.00,0.00,203,100.00,0.00
7007744171,4/17/2016,8059,5.39,0,0.00,0.00,5.39,0,0,305,1135,2383,100.00,0.00,0.00,305,100.00,0.00
7007744171,4/18/2016,14816,10.98,4.930550098,3.79,2.12,5.05,48,31,284,1077,2832,45.99,19.31,34.52,363,78.24,13.22
7007744171,4/19/2016,14194,10.48,4.94214201,4.41,0.76,5.31,53,17,304,1066,2812,50.67,7.25,42.08,374,81.28,14.17
7007744171,4/20/2016,15566,11.31,4.924840927,4.79,0.67,5.86,60,33,347,1000,3096,51.81,5.92,42.35,440,78.86,13.64
7007744171,4/21/2016,13744,9.19,0,2.15,1.87,5.17,30,34,327,1049,2763,56.26,20.35,23.39,391,83.63,7.67
7007744171,4/22/2016,15299,10.24,0,4.10,1.76,4.37,64,50,261,1065,2889,42.68,17.19,40.04,375,69.60,17.07
7007744171,4/23/2016,8093,5.41,0,0.13,1.13,4.15,2,25,223,1190,2284,76.71,20.89,2.40,250,89.20,0.80
7007744171,4/24/2016,11085,7.42,0,0.00,0.00,7.42,0,0,419,1021,2667,100.00,0.00,0.00,419,100.00,0.00
7007744171,4/25/2016,18229,13.34,4.861792088,4.31,1.37,7.67,51,24,379,986,3055,57.50,10.27,32.31,454,83.48,11.23
7007744171,4/26/2016,15090,10.10,0,0.93,0.94,8.23,16,22,424,978,2939,81.49,9.31,9.21,462,91.77,3.46
7007744171,4/27/2016,13541,10.22,4.885604858,4.27,0.66,5.29,50,12,337,1041,2830,51.76,6.46,41.78,399,84.46,12.53
7007744171,4/28/2016,15128,10.12,0,1.09,0.77,8.26,16,16,401,1007,2836,81.62,7.61,10.77,433,92.61,3.70
7007744171,4/29/2016,20067,14.30,4.911146164,4.31,2.05,7.95,55,42,382,961,3180,55.59,14.34,30.14,479,79.75,11.48
7007744171,4/30/2016,3761,2.52,0,0.00,0.00,2.52,0,0,200,1240,2051,100.00,0.00,0.00,200,100.00,0.00
7007744171,5/1/2016,5600,3.75,0,0.00,0.00,3.75,0,0,237,1142,2225,100.00,0.00,0.00,237,100.00,0.00
7007744171,5/2/2016,13041,9.18,2.832325935,4.64,0.70,3.83,64,14,250,1112,2642,41.72,7.63,50.54,328,76.22,19.51
7007744171,5/3/2016,14510,10.87,4.912367821,4.48,1.02,5.36,58,31,330,1021,2976,49.31,9.38,41.21,419,78.76,13.84
7007744171,5/5/2016,15010,11.10,4.878232002,4.33,1.29,5.48,53,23,317,1047,2933,49.37,11.62,39.01,393,80.66,13.49
7007744171,5/6/2016,11459,7.67,0,3.00,0.81,3.86,44,13,247,1136,2553,50.33,10.56,39.11,304,81.25,14.47
7086361926,4/12/2016,11317,8.41,0,5.27,0.15,2.97,59,6,153,745,2772,35.32,1.78,62.66,218,70.18,27.06
7086361926,4/13/2016,5813,3.62,0,0.56,0.21,2.84,31,26,155,744,2516,78.45,5.80,15.47,212,73.11,14.62
7086361926,4/14/2016,9123,6.12,0,2.03,0.33,3.66,35,32,189,787,2734,59.80,5.39,33.17,256,73.83,13.67
7086361926,4/15/2016,8585,5.67,0,2.04,1.11,2.53,30,21,139,864,2395,44.62,19.58,35.98,190,73.16,15.79
7086361926,4/16/2016,31,0.01,0,0.00,0.00,0.01,0,0,3,1437,1635,100.00,0.00,0.00,3,100.00,0.00
7086361926,4/18/2016,9827,6.71,0,3.17,1.22,2.31,61,51,114,1136,2743,34.43,18.18,47.24,226,50.44,26.99
7086361926,4/19/2016,10688,7.29,0,3.53,1.23,2.51,67,69,124,671,2944,34.43,16.87,48.42,260,47.69,25.77
7086361926,4/20/2016,14365,10.64,0,7.64,0.45,2.54,87,13,145,797,2997,23.87,4.23,71.80,245,59.18,35.51
7086361926,4/21/2016,9469,6.18,0,1.36,0.30,4.51,19,6,206,758,2463,72.98,4.85,22.01,231,89.18,8.23
7086361926,4/22/2016,9753,6.53,0,2.87,0.97,2.67,58,59,153,762,2846,40.89,14.85,43.95,270,56.67,21.48
7086361926,4/23/2016,2817,1.81,0,0.00,0.00,1.80,0,0,90,1350,1965,99.45,0.00,0.00,90,100.00,0.00
7086361926,4/24/2016,3520,2.16,0,0.00,0.00,2.15,0,0,125,566,2049,99.54,0.00,0.00,125,100.00,0.00
7086361926,4/25/2016,10091,6.82,0,3.75,0.70,2.37,69,39,129,706,2752,34.75,10.26,54.99,237,54.43,29.11
7086361926,4/26/2016,10387,7.07,0,4.16,0.77,2.12,70,33,132,726,2781,29.99,10.89,58.84,235,56.17,29.79
7086361926,4/27/2016,11107,8.34,0,5.63,0.18,2.53,55,6,145,829,2693,30.34,2.16,67.51,206,70.39,26.70
7086361926,4/28/2016,11584,7.80,0,2.79,1.64,3.36,54,48,161,810,2862,43.08,21.03,35.77,263,61.22,20.53
7086361926,4/29/2016,7881,4.95,0,0.49,0.45,4.00,24,36,182,1198,2616,80.81,9.09,9.90,242,75.21,9.92
7086361926,4/30/2016,14560,9.41,0,3.12,1.04,5.24,42,17,308,584,2995,55.69,11.05,33.16,367,83.92,11.44
7086361926,5/1/2016,12390,8.07,0,2.30,0.90,4.85,30,15,258,685,2730,60.10,11.15,28.50,303,85.15,9.90
7086361926,5/2/2016,10052,6.81,0,3.48,0.66,2.66,66,26,139,737,2754,39.06,9.69,51.10,231,60.17,28.57
7086361926,5/3/2016,10288,6.76,0,2.74,0.85,3.16,57,36,152,761,2754,46.75,12.57,40.53,245,62.04,23.27
7086361926,5/4/2016,10988,8.31,0,5.28,0.12,2.90,45,12,135,843,2655,34.90,1.44,63.54,192,70.31,23.44
7086361926,5/5/2016,8564,5.60,0,1.78,0.83,2.95,24,14,149,1253,2386,52.68,14.82,31.79,187,79.68,12.83
7086361926,5/6/2016,12461,8.38,0,3.82,1.43,3.12,84,35,154,834,2924,37.23,17.06,45.58,273,56.41,30.77
7086361926,5/7/2016,12827,8.48,0,1.46,2.33,4.68,20,42,209,621,2739,55.19,27.48,17.22,271,77.12,7.38
7086361926,5/8/2016,10677,7.10,0,2.31,1.53,3.25,32,27,147,695,2534,45.77,21.55,32.54,206,71.36,15.53
7086361926,5/9/2016,13566,9.11,0,4.26,1.71,3.12,67,50,171,743,2960,34.25,18.77,46.76,288,59.38,23.26
7086361926,5/10/2016,14433,10.79,0,7.11,1.20,2.45,72,23,106,1182,2800,22.71,11.12,65.89,201,52.74,35.82
7086361926,5/11/2016,9572,6.52,0,2.89,1.39,2.23,57,40,128,757,2735,34.20,21.32,44.33,225,56.89,25.33
7086361926,5/12/2016,3789,2.56,0,0.38,0.27,1.89,5,4,58,343,1199,73.83,10.55,14.84,67,86.57,7.46
8053475328,4/12/2016,18060,14.12,0,11.64,0.39,2.10,116,8,123,1193,3186,14.87,2.76,82.44,247,49.80,46.96
8053475328,4/13/2016,16433,13.35,0,10.43,0.47,2.45,95,12,156,1177,3140,18.35,3.52,78.13,263,59.32,36.12
8053475328,4/14/2016,20159,15.97,0,12.34,0.21,3.36,119,5,193,1123,3411,21.04,1.31,77.27,317,60.88,37.54
8053475328,4/15/2016,20669,16.24,0,13.26,0.39,2.59,132,8,158,1142,3410,15.95,2.40,81.65,298,53.02,44.30
8053475328,4/16/2016,14549,11.11,0,9.36,0.27,1.49,96,6,83,1255,2867,13.41,2.43,84.25,185,44.86,51.89
8053475328,4/17/2016,18827,13.69,0,9.24,0.80,3.64,111,21,195,1113,3213,26.59,5.84,67.49,327,59.63,33.94
8053475328,4/18/2016,17076,12.66,0,9.08,0.23,3.35,102,6,195,1137,3133,26.46,1.82,71.72,303,64.36,33.66
8053475328,4/19/2016,15929,12.48,0,9.22,0.31,2.95,90,7,191,1152,3114,23.64,2.48,73.88,288,66.32,31.25
8053475328,4/20/2016,15108,12.19,0,9.58,0.23,2.38,89,5,158,695,3043,19.52,1.89,78.59,252,62.70,35.32
8053475328,4/21/2016,16057,12.51,0,9.67,0.25,2.58,100,6,170,1164,3103,20.62,2.00,77.30,276,61.59,36.23
8053475328,4/22/2016,10520,8.29,0,6.26,0.15,1.88,60,3,117,1260,2655,22.68,1.81,75.51,180,65.00,33.33
8053475328,4/23/2016,22359,17.19,0,12.54,0.63,4.02,125,14,223,741,3554,23.39,3.66,72.95,362,61.60,34.53
8053475328,4/24/2016,22988,17.95,0,13.13,1.55,3.26,129,33,182,1096,3577,18.16,8.64,73.15,344,52.91,37.50
8053475328,4/25/2016,20500,15.69,0,11.37,0.46,3.86,118,9,209,1104,3403,24.60,2.93,72.47,336,62.20,35.12
8053475328,4/26/2016,12685,9.62,0,6.31,0.20,3.10,68,5,185,1182,2846,32.22,2.08,65.59,258,71.71,26.36
8053475328,4/27/2016,12422,9.82,0,6.46,0.43,2.93,60,10,183,1187,2852,29.84,4.38,65.78,253,72.33,23.72
8053475328,4/28/2016,15447,12.40,0,9.67,0.39,2.35,90,9,153,1188,3062,18.95,3.15,77.98,252,60.71,35.71
8053475328,4/29/2016,12315,9.65,0,6.17,0.31,3.17,58,8,159,1215,2794,32.85,3.21,63.94,225,70.67,25.78
8053475328,4/30/2016,7135,5.59,0,2.99,0.06,2.54,27,1,131,1281,2408,45.44,1.07,53.49,159,82.39,16.98
8053475328,5/1/2016,1170,0.85,0,0.00,0.00,0.85,0,0,51,1389,1886,100.00,0.00,0.00,51,100.00,0.00
8053475328,5/2/2016,1969,1.43,0,0.00,0.00,1.43,0,0,95,1345,1988,100.00,0.00,0.00,95,100.00,0.00
8053475328,5/3/2016,15484,11.90,0,8.39,0.93,2.59,87,22,165,1166,3023,21.76,7.82,70.50,274,60.22,31.75
8053475328,5/4/2016,14581,11.15,0,8.82,0.40,1.91,89,8,123,1220,2918,17.13,3.59,79.10,220,55.91,40.45
8053475328,5/5/2016,14990,11.51,0,8.85,0.45,2.21,93,9,130,1208,2950,19.20,3.91,76.89,232,56.03,40.09
8053475328,5/6/2016,13953,11.00,0,9.10,0.69,1.21,90,15,90,1245,2859,11.00,6.27,82.73,195,46.15,46.15
8053475328,5/7/2016,19769,15.67,0,12.44,0.88,2.35,121,20,148,1076,3331,15.00,5.62,79.39,289,51.21,41.87
8053475328,5/8/2016,22026,17.65,0,13.40,0.59,3.66,125,14,228,1073,3589,20.74,3.34,75.92,367,62.13,34.06
8053475328,5/9/2016,12465,9.38,0,6.12,0.57,2.69,66,12,148,1214,2765,28.68,6.08,65.25,226,65.49,29.20
8053475328,5/10/2016,14810,11.36,0,9.09,0.42,1.85,96,10,115,1219,2926,16.29,3.70,80.02,221,52.04,43.44
8053475328,5/11/2016,12209,9.40,0,6.08,0.28,3.04,60,7,184,1189,2809,32.34,2.98,64.68,251,73.31,23.90
8053475328,5/12/2016,4998,3.91,0,2.95,0.20,0.76,28,4,39,839,1505,19.44,5.12,75.45,71,54.93,39.44
8253242879,4/12/2016,9033,7.16,0,5.43,0.14,1.59,40,2,154,1244,2044,22.21,1.96,75.84,196,78.57,20.41
8253242879,4/13/2016,8053,6.10,0,4.17,0.63,1.31,35,11,96,1298,1935,21.48,10.33,68.36,142,67.61,24.65
8253242879,4/14/2016,5234,3.46,0,1.93,0.99,0.54,29,16,33,1362,1705,15.61,28.61,55.78,78,42.31,37.18
8253242879,4/15/2016,2672,1.77,0,0.00,0.00,1.76,0,0,105,1335,1632,99.44,0.00,0.00,105,100.00,0.00
8253242879,4/16/2016,9256,6.14,0,0.43,3.27,2.45,6,51,115,1268,1880,39.90,53.26,7.00,172,66.86,3.49
8253242879,4/17/2016,10204,7.91,0,5.43,0.15,2.33,41,5,157,1237,2112,29.46,1.90,68.65,203,77.34,20.20
8253242879,4/18/2016,5151,3.48,0,1.04,0.63,1.80,16,16,130,1278,1829,51.72,18.10,29.89,162,80.25,9.88
8253242879,4/19/2016,4212,2.78,0,0.00,0.00,2.78,0,0,164,1276,1763,100.00,0.00,0.00,164,100.00,0.00
8253242879,4/20/2016,6466,4.27,0,0.33,0.82,3.11,5,18,216,1201,1931,72.83,19.20,7.73,239,90.38,2.09
8253242879,4/21/2016,11268,8.56,0,5.88,0.93,1.75,49,20,172,1199,2218,20.44,10.86,68.69,241,71.37,20.33
8253242879,4/22/2016,2824,1.87,0,0.00,0.00,1.87,0,0,120,1320,1651,100.00,0.00,0.00,120,100.00,0.00
8253242879,4/23/2016,9282,6.26,0,2.09,1.04,3.13,30,26,191,1193,2132,50.00,16.61,33.39,247,77.33,12.15
8253242879,4/24/2016,8905,7.13,0,5.60,0.19,1.34,41,4,82,1313,1976,18.79,2.66,78.54,127,64.57,32.28
8253242879,4/25/2016,6829,4.51,0,0.36,2.39,1.77,7,54,118,1261,1909,39.25,52.99,7.98,179,65.92,3.91
8253242879,4/26/2016,4562,3.04,0,1.18,0.49,1.37,19,14,108,1299,1813,45.07,16.12,38.82,141,76.60,13.48
8253242879,4/27/2016,10232,8.18,0,6.24,0.23,1.70,45,5,104,1286,2008,20.78,2.81,76.28,154,67.53,29.22
8253242879,4/28/2016,2718,1.80,0,0.67,0.78,0.34,11,16,20,1393,1580,18.89,43.33,37.22,47,42.55,23.40
8253242879,4/29/2016,6260,4.26,0,1.29,0.54,2.40,16,14,136,1257,1854,56.34,12.68,30.28,166,81.93,9.64
8378563200,4/12/2016,7626,6.05,2.253081083,0.83,0.71,4.50,65,15,156,723,3635,74.38,11.74,13.72,236,66.10,27.54
8378563200,4/13/2016,12386,9.82,2.092147112,4.96,0.65,4.21,116,14,169,680,4079,42.87,6.62,50.51,299,56.52,38.80
8378563200,4/14/2016,13318,10.56,2.253081083,5.62,1.03,3.91,123,21,174,699,4163,37.03,9.75,53.22,318,54.72,38.68
8378563200,4/15/2016,14461,11.47,0,4.91,1.15,5.41,60,23,190,729,3666,47.17,10.03,42.81,273,69.60,21.98
8378563200,4/16/2016,11207,8.89,0,5.37,1.07,2.44,64,21,142,563,3363,27.45,12.04,60.40,227,62.56,28.19
8378563200,4/17/2016,2132,1.69,0,0.00,0.00,1.69,0,0,93,599,2572,100.00,0.00,0.00,93,100.00,0.00
8378563200,4/18/2016,13630,10.81,2.092147112,5.05,0.56,5.20,117,10,174,720,4157,48.10,5.18,46.72,301,57.81,38.87
8378563200,4/19/2016,13070,10.36,2.253081083,5.30,0.88,4.18,120,19,154,737,4092,40.35,8.49,51.16,293,52.56,40.96
8378563200,4/20/2016,9388,7.44,2.092147112,2.23,0.44,4.78,82,8,169,763,3787,64.25,5.91,29.97,259,65.25,31.66
8378563200,4/21/2016,15148,12.01,2.253081083,6.90,0.82,4.29,137,16,145,677,4236,35.72,6.83,57.45,298,48.66,45.97
8378563200,4/22/2016,12200,9.67,2.092147112,4.91,0.59,4.18,113,12,159,769,4044,43.23,6.10,50.78,284,55.99,39.79
8378563200,4/23/2016,5709,4.53,0,1.52,0.52,2.48,19,10,136,740,2908,54.75,11.48,33.55,165,82.42,11.52
8378563200,4/24/2016,3703,2.94,0,0.00,0.00,2.94,0,0,135,734,2741,100.00,0.00,0.00,135,100.00,0.00
8378563200,4/25/2016,12405,9.84,2.092147112,5.05,0.87,3.92,117,16,141,692,4005,39.84,8.84,51.32,274,51.46,42.70
8378563200,4/26/2016,16208,12.85,0,7.51,0.92,4.42,90,18,161,593,3763,34.40,7.16,58.44,269,59.85,33.46
8378563200,4/27/2016,7359,5.84,0,0.33,0.18,5.33,4,4,192,676,3061,91.27,3.08,5.65,200,96.00,2.00
8378563200,4/28/2016,5417,4.30,0,0.90,0.49,2.91,11,10,139,711,2884,67.67,11.40,20.93,160,86.88,6.88
8378563200,4/29/2016,6175,4.90,0,0.25,0.36,4.27,3,7,172,767,2982,87.14,7.35,5.10,182,94.51,1.65
8378563200,4/30/2016,2946,2.34,0,0.00,0.00,2.34,0,0,121,780,2660,100.00,0.00,0.00,121,100.00,0.00
8378563200,5/1/2016,11419,9.06,0,6.03,0.56,2.47,71,10,127,669,3369,27.26,6.18,66.56,208,61.06,34.13
8378563200,5/2/2016,6064,4.81,2.092147112,0.63,0.17,4.01,63,4,142,802,3491,83.37,3.53,13.10,209,67.94,30.14
8378563200,5/3/2016,8712,6.91,2.253081083,1.34,1.06,4.50,71,20,195,822,3784,65.12,15.34,19.39,286,68.18,24.83
8378563200,5/4/2016,7875,6.24,0,1.56,0.49,4.20,19,10,167,680,3110,67.31,7.85,25.00,196,85.20,9.69
8378563200,5/5/2016,8567,6.79,2.253081083,0.89,0.16,5.74,66,3,214,764,3783,84.54,2.36,13.11,283,75.62,23.32
8378563200,5/6/2016,7045,5.59,2.092147112,1.55,0.25,3.78,74,5,166,831,3644,67.62,4.47,27.73,245,67.76,30.20
8378563200,5/7/2016,4468,3.54,0,0.00,0.00,3.54,0,0,158,851,2799,100.00,0.00,0.00,158,100.00,0.00
8378563200,5/8/2016,2943,2.33,0,0.00,0.00,2.33,0,0,139,621,2685,100.00,0.00,0.00,139,100.00,0.00
8378563200,5/9/2016,8382,6.65,2.092147112,1.27,0.66,4.72,71,13,171,772,3721,70.98,9.92,19.10,255,67.06,27.84
8378563200,5/10/2016,6582,5.22,2.253081083,0.66,0.64,3.92,63,13,152,840,3586,75.10,12.26,12.64,228,66.67,27.63
8378563200,5/11/2016,9143,7.25,2.092147112,1.39,0.59,5.27,72,10,184,763,3788,72.69,8.14,19.17,266,69.17,27.07
8378563200,5/12/2016,4561,3.62,0,0.65,0.27,2.69,8,6,102,433,1976,74.31,7.46,17.96,116,87.93,6.90
8583815059,4/12/2016,5014,3.91,0,0.00,0.33,3.58,0,7,196,1237,2650,91.56,8.44,0.00,203,96.55,0.00
8583815059,4/13/2016,5571,4.35,0,0.15,0.97,3.23,2,23,163,1252,2654,74.25,22.30,3.45,188,86.70,1.06
8583815059,4/14/2016,3135,2.45,0,0.00,0.00,2.43,0,0,134,1306,2443,99.18,0.00,0.00,134,100.00,0.00
8583815059,4/15/2016,3430,2.68,0,0.00,0.00,0.90,0,0,65,1375,2505,33.58,0.00,0.00,65,100.00,0.00
8583815059,4/18/2016,3864,3.01,0,0.31,1.06,1.35,4,22,105,1309,2536,44.85,35.22,10.30,131,80.15,3.05
8583815059,4/19/2016,5697,4.44,0,0.53,0.48,3.44,7,10,166,1257,2668,77.48,10.81,11.94,183,90.71,3.83
8583815059,4/20/2016,5273,4.11,0,0.00,1.04,3.07,0,27,167,1246,2647,74.70,25.30,0.00,194,86.08,0.00
8583815059,4/21/2016,8538,6.66,0,2.63,1.02,3.01,35,18,158,1229,2883,45.20,15.32,39.49,211,74.88,16.59
8583815059,4/22/2016,8687,6.78,0,0.29,2.41,4.08,4,54,212,1170,2944,60.18,35.55,4.28,270,78.52,1.48
8583815059,4/23/2016,9423,7.35,0,0.53,2.03,4.75,7,44,238,1151,3012,64.63,27.62,7.21,289,82.35,2.42
8583815059,4/24/2016,8286,6.46,0,0.15,2.05,4.27,2,44,206,1188,2889,66.10,31.73,2.32,252,81.75,0.79
8583815059,4/25/2016,4503,3.51,0,1.47,0.24,1.81,18,6,122,1294,2547,51.57,6.84,41.88,146,83.56,12.33
8583815059,4/26/2016,10499,8.19,0,0.07,4.22,3.89,1,91,214,1134,3093,47.50,51.53,0.85,306,69.93,0.33
8583815059,4/27/2016,12474,9.73,0,6.60,0.27,2.87,77,5,129,1229,3142,29.50,2.77,67.83,211,61.14,36.49
8583815059,4/28/2016,6174,4.82,0,0.00,1.20,3.61,0,28,203,1209,2757,74.90,24.90,0.00,231,87.88,0.00
8583815059,4/29/2016,15168,11.83,0,3.90,3.00,4.92,46,67,258,1069,3513,41.59,25.36,32.97,371,69.54,12.40
8583815059,4/30/2016,10085,7.87,0,0.15,1.28,6.43,2,28,317,1093,3164,81.70,16.26,1.91,347,91.35,0.58
8583815059,5/1/2016,4512,3.52,0,0.78,0.12,2.04,10,2,117,1311,2596,57.95,3.41,22.16,129,90.70,7.75
8583815059,5/5/2016,12427,9.69,0,0.00,0.00,1.18,0,0,70,1370,3266,12.18,0.00,0.00,70,100.00,0.00
8583815059,5/6/2016,5843,4.56,0,0.14,1.19,3.23,2,22,166,1250,2683,70.83,26.10,3.07,190,87.37,1.05
8583815059,5/7/2016,6117,4.77,0,0.00,0.00,4.77,0,0,250,1190,2810,100.00,0.00,0.00,250,100.00,0.00
8583815059,5/8/2016,9217,7.19,0,0.22,3.31,3.66,3,72,182,1183,2940,50.90,46.04,3.06,257,70.82,1.17
8583815059,5/9/2016,9877,7.70,0,5.76,0.17,1.73,66,4,110,1260,2947,22.47,2.21,74.81,180,61.11,36.67
8583815059,5/10/2016,8240,6.43,0,0.69,2.01,3.72,9,43,162,1226,2846,57.85,31.26,10.73,214,75.70,4.21
8583815059,5/11/2016,8701,6.79,0,0.37,3.24,3.17,5,71,177,1106,2804,46.69,47.72,5.45,253,69.96,1.98
8792009665,4/12/2016,2564,1.64,0,0.00,0.00,1.64,0,0,116,831,2044,100.00,0.00,0.00,116,100.00,0.00
8792009665,4/13/2016,1320,0.84,0,0.00,0.00,0.84,0,0,82,806,1934,100.00,0.00,0.00,82,100.00,0.00
8792009665,4/14/2016,1219,0.78,0,0.00,0.00,0.78,0,0,84,853,1963,100.00,0.00,0.00,84,100.00,0.00
8792009665,4/15/2016,2483,1.59,0,0.00,0.00,1.59,0,0,126,937,2009,100.00,0.00,0.00,126,100.00,0.00
8792009665,4/16/2016,244,0.16,0,0.00,0.00,0.16,0,0,12,1428,1721,100.00,0.00,0.00,12,100.00,0.00
8792009665,4/20/2016,3147,2.01,0,0.00,0.28,1.74,0,10,139,744,2188,86.57,13.93,0.00,149,93.29,0.00
8792009665,4/21/2016,144,0.09,0,0.00,0.00,0.09,0,0,9,1431,1720,100.00,0.00,0.00,9,100.00,0.00
8792009665,4/22/2016,4068,2.60,0,0.05,0.28,2.27,1,20,195,817,2419,87.31,10.77,1.92,216,90.28,0.46
8792009665,4/23/2016,5245,3.36,0,0.16,0.44,2.75,8,45,232,795,2748,81.85,13.10,4.76,285,81.40,2.81
8792009665,4/24/2016,400,0.26,0,0.04,0.05,0.16,3,8,19,1410,1799,61.54,19.23,15.38,30,63.33,10.00
8792009665,4/26/2016,1321,0.85,0,0.00,0.00,0.85,0,0,80,1360,1928,100.00,0.00,0.00,80,100.00,0.00
8792009665,4/27/2016,1758,1.13,0,0.00,0.00,1.13,0,0,112,900,2067,100.00,0.00,0.00,112,100.00,0.00
8792009665,4/28/2016,6157,3.94,0,0.00,0.00,3.94,0,0,310,714,2780,100.00,0.00,0.00,310,100.00,0.00
8792009665,4/29/2016,8360,5.35,0,0.14,0.28,4.93,6,14,380,634,3101,92.15,5.23,2.62,400,95.00,1.50
8792009665,4/30/2016,7174,4.59,0,0.33,0.36,3.91,10,20,301,749,2896,85.19,7.84,7.19,331,90.94,3.02
8792009665,5/1/2016,1619,1.04,0,0.00,0.00,1.04,0,0,79,834,1962,100.00,0.00,0.00,79,100.00,0.00
8792009665,5/2/2016,1831,1.17,0,0.00,0.00,1.17,0,0,101,916,2015,100.00,0.00,0.00,101,100.00,0.00
8792009665,5/3/2016,2421,1.55,0,0.00,0.00,1.55,0,0,156,739,2297,100.00,0.00,0.00,156,100.00,0.00
8792009665,5/4/2016,2283,1.46,0,0.00,0.00,1.46,0,0,129,848,2067,100.00,0.00,0.00,129,100.00,0.00
8877689391,4/12/2016,23186,20.40,0,12.22,0.34,7.82,85,7,312,1036,3921,38.33,1.67,59.90,404,77.23,21.04
8877689391,4/13/2016,15337,9.58,0,3.55,0.38,5.64,108,18,216,1098,3566,58.87,3.97,37.06,342,63.16,31.58
8877689391,4/14/2016,21129,18.98,0,10.55,0.59,7.75,68,13,298,1061,3793,40.83,3.11,55.58,379,78.63,17.94
8877689391,4/15/2016,13422,7.17,0,0.05,0.05,7.01,106,1,281,1052,3934,97.77,0.70,0.70,388,72.42,27.32
8877689391,4/16/2016,29326,25.29,0,13.24,1.21,10.71,94,29,429,888,4547,42.35,4.78,52.35,552,77.72,17.03
8877689391,4/17/2016,15118,8.87,0,0.00,0.07,8.79,58,15,307,1060,3545,99.10,0.79,0.00,380,80.79,15.26
8877689391,4/18/2016,11423,8.67,0,2.44,0.27,5.94,29,5,191,1215,2761,68.51,3.11,28.14,225,84.89,12.89
8877689391,4/19/2016,18785,17.40,0,12.15,0.18,5.03,82,13,214,1131,3676,28.91,1.03,69.83,309,69.26,26.54
8877689391,4/20/2016,19948,18.11,0,11.02,0.69,6.34,73,19,225,1123,3679,35.01,3.81,60.85,317,70.98,23.03
8877689391,4/21/2016,19377,17.62,0,12.29,0.42,4.89,82,13,226,1119,3659,27.75,2.38,69.75,321,70.40,25.55
8877689391,4/22/2016,18258,16.31,0,10.23,0.03,5.97,61,2,236,1141,3427,36.60,0.18,62.72,299,78.93,20.40
8877689391,4/23/2016,11200,7.43,0,0.00,0.00,7.40,102,6,300,1032,3891,99.60,0.00,0.00,408,73.53,25.00
8877689391,4/24/2016,16674,15.74,0,11.01,0.01,4.69,64,1,227,1148,3455,29.80,0.06,69.95,292,77.74,21.92
8877689391,4/25/2016,12986,8.74,0,2.37,0.07,6.27,113,8,218,1101,3802,71.74,0.80,27.12,339,64.31,33.33
8877689391,4/26/2016,11101,8.43,0,1.76,0.13,6.50,22,3,258,1157,2860,77.11,1.54,20.88,283,91.17,7.77
8877689391,4/27/2016,23629,20.65,0,13.07,0.44,7.10,93,8,235,1104,3808,34.38,2.13,63.29,336,69.94,27.68
8877689391,4/28/2016,14890,11.30,0,4.93,0.38,5.97,58,8,231,1143,3060,52.83,3.36,43.63,297,77.78,19.53
8877689391,4/29/2016,9733,7.39,0,1.38,0.17,5.79,18,5,210,1207,2698,78.35,2.30,18.67,233,90.13,7.73
8877689391,4/30/2016,27745,26.72,0,21.66,0.08,4.93,124,4,223,1089,4398,18.45,0.30,81.06,351,63.53,35.33
8877689391,5/1/2016,10930,8.32,0,3.13,0.57,4.57,36,12,166,1226,2786,54.93,6.85,37.62,214,77.57,16.82
8877689391,5/2/2016,4790,3.64,0,0.00,0.00,3.56,0,0,105,1335,2189,97.80,0.00,0.00,105,100.00,0.00
8877689391,5/3/2016,10818,8.21,0,1.39,0.10,6.67,19,3,229,1189,2817,81.24,1.22,16.93,251,91.24,7.57
8877689391,5/4/2016,18193,16.30,0,10.42,0.31,5.53,66,8,212,1154,3477,33.93,1.90,63.93,286,74.13,23.08
8877689391,5/5/2016,14055,10.67,0,5.46,0.82,4.37,67,15,188,1170,3052,40.96,7.69,51.17,270,69.63,24.81
8877689391,5/6/2016,21727,19.34,0,12.79,0.29,6.16,96,17,232,1095,4015,31.85,1.50,66.13,345,67.25,27.83
8877689391,5/7/2016,12332,8.13,0,0.08,0.96,6.99,105,28,271,1036,4142,85.98,11.81,0.98,404,67.08,25.99
8877689391,5/8/2016,10686,8.11,0,1.08,0.20,6.80,17,4,245,1174,2847,83.85,2.47,13.32,266,92.11,6.39
8877689391,5/9/2016,20226,18.25,0,11.10,0.80,6.24,73,19,217,1131,3710,34.19,4.38,60.82,309,70.23,23.62
8877689391,5/10/2016,10733,8.15,0,1.35,0.46,6.28,18,11,224,1187,2832,77.06,5.64,16.56,253,88.54,7.11
8877689391,5/11/2016,21420,19.56,0,13.22,0.41,5.89,88,12,213,1127,3832,30.11,2.10,67.59,313,68.05,28.12
8877689391,5/12/2016,8064,6.12,0,1.82,0.04,4.25,23,1,137,770,1849,69.44,0.65,29.74,161,85.09,14.29